Travel Duration,price,Source,Destination,distance
02hrs 45mins,1330,Agra,Delhi,240
03hrs 40mins,2499,Agra,Delhi,240
03hrs 25mins,1489,Agra,Delhi,240
04hrs 45mins,474,Agra,Delhi,240
02hrs 25mins,1619,Agra,Delhi,240
04hrs 45mins,474,Agra,Delhi,240
03hrs 00mins,1800,Agra,Delhi,240
03hrs 30mins,969,Agra,Delhi,240
04hrs 45mins,474,Agra,Delhi,240
03hrs 15mins,2499,Agra,Delhi,240
03hrs 39mins,1499,Agra,Delhi,240
04hrs 45mins,474,Agra,Delhi,240
04hrs 45mins,474,Agra,Delhi,240
04hrs 35mins,474,Agra,Delhi,240
04hrs 35mins,284,Agra,Delhi,240
04hrs 40mins,284,Agra,Delhi,240
04hrs 45mins,474,Agra,Delhi,240
03hrs 30mins,1289,Agra,Delhi,240
03hrs 20mins,1229,Agra,Delhi,240
03hrs 50mins,2100,Agra,Delhi,240
03hrs 30mins,1299,Agra,Delhi,240
03hrs 00mins,1099,Agra,Delhi,240
03hrs 45mins,1189,Agra,Delhi,240
04hrs 15mins,521,Agra,Delhi,240
04hrs 30mins,845,Agra,Delhi,240
03hrs 20mins,1249,Agra,Delhi,240
04hrs 35mins,521,Agra,Delhi,240
04hrs 00mins,1299,Agra,Delhi,240
04hrs 45mins,474,Agra,Delhi,240
03hrs 20mins,1044,Agra,Delhi,240
02hrs 30mins,999,Agra,Delhi,240
02hrs 45mins,1699,Agra,Delhi,240
02hrs 30mins,999,Agra,Delhi,240
03hrs 25mins,1399,Agra,Delhi,240
03hrs 45mins,1000,Agra,Delhi,240
03hrs 25mins,1299,Agra,Delhi,240
04hrs 30mins,2857,Agra,Delhi,240
04hrs 45mins,474,Agra,Delhi,240
03hrs 35mins,1199,Agra,Delhi,240
02hrs 45mins,1899,Agra,Delhi,240
04hrs 15mins,1199,Agra,Delhi,240
03hrs 15mins,1899,Agra,Delhi,240
03hrs 40mins,2099,Agra,Delhi,240
03hrs 25mins,1519,Agra,Delhi,240
04hrs 10mins,999,Agra,Delhi,240
02hrs 45mins,4849,Agra,Delhi,240
03hrs 30mins,1499,Agra,Delhi,240
03hrs 15mins,1649,Agra,Delhi,240
04hrs 10mins,1141,Agra,Delhi,240
04hrs 35mins,527,Agra,Delhi,240
03hrs 05mins,1999,Agra,Delhi,240
03hrs 50mins,884,Agra,Delhi,240
03hrs 20mins,149,Agra,Delhi,240
04hrs 45mins,568,Agra,Delhi,240
03hrs 00mins,1599,Agra,Delhi,240
03hrs 29mins,1099,Agra,Delhi,240
03hrs 10mins,1299,Agra,Delhi,240
03hrs 28mins,1199,Agra,Delhi,240
02hrs 49mins,2599,Agra,Delhi,240
03hrs 10mins,964,Agra,Delhi,240
04hrs 00mins,1400,Agra,Delhi,240
03hrs 20mins,1899,Agra,Delhi,240
25hrs 10mins,1999,Agra,Delhi,240
03hrs 30mins,1000,Agra,Delhi,240
03hrs 40mins,996,Agra,Delhi,240
05hrs 15mins,332,Agra,Delhi,240
03hrs 40mins,1119,Agra,Delhi,240
02hrs 50mins,699,Agra,Delhi,240
03hrs 31mins,1249,Agra,Delhi,240
04hrs 00mins,999,Agra,Delhi,240
03hrs 05mins,1239,Agra,Delhi,240
02hrs 50mins,849,Agra,Delhi,240
08hrs 20mins,699,Agra,Delhi,240
04hrs 00mins,513,Agra,Delhi,240
02hrs 55mins,2659,Agra,Delhi,240
02hrs 45mins,1339,Agra,Delhi,240
03hrs 30mins,1999,Agra,Delhi,240
03hrs 45mins,990,Agra,Delhi,240
02hrs 30mins,797,Agra,Delhi,240
03hrs 00mins,1800,Agra,Delhi,240
03hrs 15mins,1329,Agra,Delhi,240
04hrs 30mins,699,Agra,Delhi,240
04hrs 50mins,999,Agra,Delhi,240
05hrs 00mins,1239,Agra,Delhi,240
03hrs 30mins,1500,Agra,Delhi,240
03hrs 45mins,1899,Agra,Delhi,240
03hrs 45mins,699,Agra,Delhi,240
04hrs 00mins,1599,Agra,Delhi,240
03hrs 30mins,900,Agra,Delhi,240
04hrs 30mins,1100,Agra,Delhi,240
03hrs 00mins,3000,Agra,Delhi,240
05hrs 15mins,332,Agra,Delhi,240
05hrs 15mins,332,Agra,Delhi,240
03hrs 00mins,3000,Agra,Delhi,240
03hrs 00mins,2190,Agra,Delhi,240
21hrs 25mins,1199,Agra,Delhi,240
04hrs 05mins,1199,Agra,Delhi,240
03hrs 45mins,1099,Agra,Delhi,240
03hrs 15mins,1200,Agra,Delhi,240
03hrs 50mins,1599,Agra,Delhi,240
04hrs 30mins,499,Agra,Delhi,240
03hrs 30mins,1125,Agra,Delhi,240
03hrs 10mins,1099,Agra,Delhi,240
04hrs 30mins,1395,Agra,Delhi,240
03hrs 31mins,899,Agra,Delhi,240
04hrs 30mins,1080,Agra,Delhi,240
03hrs 31mins,899,Agra,Delhi,240
04hrs 30mins,1999,Agra,Delhi,240
04hrs 15mins,449,Agra,Delhi,240
05hrs 15mins,285,Agra,Delhi,240
04hrs 00mins,449,Agra,Delhi,240
04hrs 00mins,499,Agra,Delhi,240
04hrs 15mins,449,Agra,Delhi,240
04hrs 00mins,449,Agra,Delhi,240
03hrs 45mins,1199,Agra,Delhi,240
04hrs 15mins,461,Agra,Delhi,240
03hrs 45mins,450,Agra,Delhi,240
03hrs 45mins,450,Agra,Delhi,240
03hrs 45mins,450,Agra,Delhi,240
03hrs 45mins,450,Agra,Delhi,240
03hrs 45mins,450,Agra,Delhi,240
03hrs 45mins,450,Agra,Delhi,240
03hrs 45mins,450,Agra,Delhi,240
03hrs 40mins,999,Agra,Delhi,240
03hrs 50mins,1190,Agra,Delhi,240
02hrs 57mins,1030,Agra,Delhi,240
03hrs 35mins,910,Agra,Delhi,240
02hrs 30mins,890,Agra,Delhi,240
01hrs 50mins,749,Agra,Delhi,240
02hrs 48mins,1620,Agra,Delhi,240
02hrs 45mins,1499,Agra,Delhi,240
03hrs 00mins,1999,Agra,Delhi,240
02hrs 30mins,799,Agra,Delhi,240
15hrs 25mins,1429,Bengaluru,Pune,839
14hrs 45mins,1900,Bengaluru,Pune,839
15hrs 15mins,1800,Bengaluru,Pune,839
16hrs 50mins,2000,Bengaluru,Pune,839
15hrs 30mins,2000,Bengaluru,Pune,839
15hrs 00mins,2000,Bengaluru,Pune,839
15hrs 45mins,1500,Bengaluru,Pune,839
15hrs 30mins,2100,Bengaluru,Pune,839
17hrs 25mins,2360,Bengaluru,Pune,839
15hrs 30mins,1600,Bengaluru,Pune,839
19hrs 15mins,1700,Bengaluru,Pune,839
17hrs 25mins,4399,Bengaluru,Pune,839
19hrs 15mins,1429,Bengaluru,Pune,839
16hrs 00mins,2000,Bengaluru,Pune,839
15hrs 30mins,1600,Bengaluru,Pune,839
15hrs 00mins,1800,Bengaluru,Pune,839
13hrs 30mins,1400,Bengaluru,Pune,839
16hrs 30mins,1524,Bengaluru,Pune,839
16hrs 30mins,1515,Bengaluru,Pune,839
14hrs 30mins,1400,Bengaluru,Pune,839
16hrs 00mins,1500,Bengaluru,Pune,839
14hrs 45mins,1400,Bengaluru,Pune,839
17hrs 00mins,1505,Bengaluru,Pune,839
17hrs 00mins,1000,Bengaluru,Pune,839
15hrs 50mins,1399,Bengaluru,Pune,839
16hrs 05mins,1499,Bengaluru,Pune,839
16hrs 00mins,4000,Bengaluru,Pune,839
14hrs 00mins,1500,Bengaluru,Pune,839
16hrs 20mins,2000,Bengaluru,Pune,839
16hrs 30mins,1515,Bengaluru,Pune,839
16hrs 45mins,1499,Bengaluru,Pune,839
18hrs 15mins,1524,Bengaluru,Pune,839
16hrs 45mins,1429,Bengaluru,Pune,839
15hrs 53mins,4354,Bengaluru,Pune,839
13hrs 30mins,1500,Bengaluru,Pune,839
15hrs 15mins,2857,Bengaluru,Pune,839
16hrs 15mins,3000,Bengaluru,Pune,839
16hrs 30mins,1400,Bengaluru,Pune,839
13hrs 30mins,1480,Bengaluru,Pune,839
16hrs 52mins,3886,Bengaluru,Pune,839
17hrs 30mins,2000,Bengaluru,Pune,839
14hrs 00mins,1400,Bengaluru,Pune,839
15hrs 55mins,5000,Bengaluru,Pune,839
15hrs 30mins,1410,Bengaluru,Pune,839
15hrs 45mins,4500,Bengaluru,Pune,839
14hrs 45mins,1000,Bengaluru,Pune,839
15hrs 20mins,3810,Bengaluru,Pune,839
15hrs 35mins,2800,Bengaluru,Pune,839
14hrs 00mins,1699,Bengaluru,Pune,839
14hrs 15mins,1300,Bengaluru,Pune,839
14hrs 10mins,1300,Bengaluru,Pune,839
15hrs 30mins,1400,Bengaluru,Pune,839
19hrs 00mins,5000,Bengaluru,Pune,839
16hrs 05mins,1505,Bengaluru,Pune,839
14hrs 30mins,1599,Bengaluru,Pune,839
16hrs 35mins,3999,Bengaluru,Pune,839
16hrs 00mins,4000,Bengaluru,Pune,839
10hrs 35mins,1775,Bengaluru,Hyderabad,576
08hrs 50mins,1199,Bengaluru,Hyderabad,576
09hrs 30mins,1300,Bengaluru,Hyderabad,576
10hrs 15mins,1000,Bengaluru,Hyderabad,576
09hrs 15mins,1299,Bengaluru,Hyderabad,576
09hrs 10mins,1619,Bengaluru,Hyderabad,576
11hrs 05mins,889,Bengaluru,Hyderabad,576
10hrs 35mins,1319,Bengaluru,Hyderabad,576
08hrs 15mins,1199,Bengaluru,Hyderabad,576
08hrs 15mins,1409,Bengaluru,Hyderabad,576
10hrs 45mins,1299,Bengaluru,Hyderabad,576
12hrs 00mins,569,Bengaluru,Hyderabad,576
10hrs 18mins,799,Bengaluru,Hyderabad,576
08hrs 25mins,1169,Bengaluru,Hyderabad,576
10hrs 00mins,800,Bengaluru,Hyderabad,576
08hrs 00mins,1599,Bengaluru,Hyderabad,576
09hrs 25mins,1100,Bengaluru,Hyderabad,576
08hrs 30mins,900,Bengaluru,Hyderabad,576
09hrs 05mins,999,Bengaluru,Hyderabad,576
09hrs 55mins,1099,Bengaluru,Hyderabad,576
13hrs 47mins,980,Bengaluru,Hyderabad,576
10hrs 00mins,708,Bengaluru,Hyderabad,576
10hrs 15mins,1099,Bengaluru,Hyderabad,576
09hrs 40mins,1199,Bengaluru,Hyderabad,576
10hrs 03mins,880,Bengaluru,Hyderabad,576
10hrs 20mins,899,Bengaluru,Hyderabad,576
08hrs 15mins,1919,Bengaluru,Hyderabad,576
08hrs 30mins,600,Bengaluru,Hyderabad,576
10hrs 20mins,1099,Bengaluru,Hyderabad,576
10hrs 30mins,999,Bengaluru,Hyderabad,576
10hrs 30mins,999,Bengaluru,Hyderabad,576
09hrs 40mins,1180,Bengaluru,Hyderabad,576
11hrs 20mins,820,Bengaluru,Hyderabad,576
09hrs 05mins,950,Bengaluru,Hyderabad,576
09hrs 15mins,749,Bengaluru,Hyderabad,576
13hrs 00mins,600,Bengaluru,Hyderabad,576
08hrs 55mins,900,Bengaluru,Hyderabad,576
10hrs 25mins,839,Bengaluru,Hyderabad,576
12hrs 15mins,700,Bengaluru,Hyderabad,576
08hrs 50mins,859,Bengaluru,Hyderabad,576
08hrs 00mins,1499,Bengaluru,Hyderabad,576
09hrs 55mins,900,Bengaluru,Hyderabad,576
08hrs 50mins,949,Bengaluru,Hyderabad,576
11hrs 10mins,900,Bengaluru,Hyderabad,576
10hrs 05mins,579,Bengaluru,Hyderabad,576
09hrs 00mins,899,Bengaluru,Hyderabad,576
09hrs 20mins,800,Bengaluru,Hyderabad,576
09hrs 10mins,663,Bengaluru,Hyderabad,576
09hrs 00mins,800,Bengaluru,Hyderabad,576
09hrs 50mins,800,Bengaluru,Hyderabad,576
09hrs 53mins,980,Bengaluru,Hyderabad,576
11hrs 05mins,809,Bengaluru,Hyderabad,576
10hrs 15mins,899,Bengaluru,Hyderabad,576
10hrs 05mins,899,Bengaluru,Hyderabad,576
11hrs 40mins,700,Bengaluru,Hyderabad,576
08hrs 30mins,1300,Bengaluru,Hyderabad,576
11hrs 55mins,704,Bengaluru,Hyderabad,576
13hrs 30mins,599,Bengaluru,Hyderabad,576
09hrs 10mins,850,Bengaluru,Hyderabad,576
08hrs 30mins,550,Bengaluru,Hyderabad,576
09hrs 10mins,666,Bengaluru,Hyderabad,576
09hrs 00mins,574,Bengaluru,Hyderabad,576
10hrs 05mins,2499,Bengaluru,Hyderabad,576
09hrs 10mins,890,Bengaluru,Hyderabad,576
08hrs 00mins,900,Bengaluru,Hyderabad,576
08hrs 43mins,1050,Bengaluru,Hyderabad,576
09hrs 40mins,790,Bengaluru,Hyderabad,576
11hrs 00mins,919,Bengaluru,Hyderabad,576
09hrs 00mins,1249,Bengaluru,Hyderabad,576
10hrs 30mins,750,Bengaluru,Hyderabad,576
09hrs 15mins,809,Bengaluru,Hyderabad,576
10hrs 00mins,1099,Bengaluru,Hyderabad,576
07hrs 45mins,1304,Bengaluru,Hyderabad,576
09hrs 00mins,700,Bengaluru,Hyderabad,576
08hrs 50mins,1239,Bengaluru,Hyderabad,576
09hrs 20mins,900,Bengaluru,Hyderabad,576
09hrs 45mins,900,Bengaluru,Hyderabad,576
08hrs 15mins,2000,Bengaluru,Hyderabad,576
08hrs 25mins,1200,Bengaluru,Hyderabad,576
09hrs 30mins,650,Bengaluru,Hyderabad,576
10hrs 25mins,989,Bengaluru,Hyderabad,576
10hrs 20mins,929,Bengaluru,Hyderabad,576
08hrs 45mins,560,Bengaluru,Hyderabad,576
09hrs 15mins,900,Bengaluru,Hyderabad,576
09hrs 56mins,750,Bengaluru,Hyderabad,576
09hrs 55mins,629,Bengaluru,Hyderabad,576
10hrs 45mins,700,Bengaluru,Hyderabad,576
09hrs 30mins,900,Bengaluru,Hyderabad,576
10hrs 30mins,580,Bengaluru,Hyderabad,576
09hrs 45mins,1700,Bengaluru,Hyderabad,576
10hrs 00mins,1800,Bengaluru,Hyderabad,576
08hrs 20mins,899,Bengaluru,Hyderabad,576
09hrs 35mins,2000,Bengaluru,Hyderabad,576
09hrs 00mins,800,Bengaluru,Hyderabad,576
08hrs 42mins,810,Bengaluru,Hyderabad,576
08hrs 30mins,800,Bengaluru,Hyderabad,576
08hrs 10mins,2200,Bengaluru,Hyderabad,576
11hrs 14mins,1200,Bengaluru,Hyderabad,576
09hrs 15mins,879,Bengaluru,Hyderabad,576
07hrs 30mins,800,Bengaluru,Hyderabad,576
08hrs 30mins,900,Bengaluru,Hyderabad,576
08hrs 15mins,700,Bengaluru,Hyderabad,576
11hrs 00mins,1500,Bengaluru,Hyderabad,576
11hrs 14mins,1230,Bengaluru,Hyderabad,576
10hrs 38mins,499,Bengaluru,Hyderabad,576
09hrs 50mins,500,Bengaluru,Hyderabad,576
08hrs 30mins,1000,Bengaluru,Hyderabad,576
11hrs 15mins,750,Bengaluru,Hyderabad,576
10hrs 45mins,599,Bengaluru,Hyderabad,576
09hrs 50mins,499,Bengaluru,Hyderabad,576
12hrs 00mins,700,Bengaluru,Hyderabad,576
07hrs 55mins,2950,Bengaluru,Hyderabad,576
08hrs 45mins,1760,Bengaluru,Hyderabad,576
09hrs 30mins,850,Bengaluru,Hyderabad,576
07hrs 40mins,800,Bengaluru,Hyderabad,576
08hrs 00mins,800,Bengaluru,Hyderabad,576
08hrs 30mins,800,Bengaluru,Hyderabad,576
08hrs 10mins,1300,Bengaluru,Hyderabad,576
08hrs 10mins,750,Bengaluru,Hyderabad,576
10hrs 30mins,650,Bengaluru,Hyderabad,576
08hrs 30mins,1200,Bengaluru,Hyderabad,576
10hrs 30mins,900,Bengaluru,Hyderabad,576
07hrs 10mins,700,Bengaluru,Hyderabad,576
10hrs 00mins,500,Bengaluru,Hyderabad,576
09hrs 30mins,950,Bengaluru,Hyderabad,576
10hrs 00mins,2190,Bengaluru,Hyderabad,576
09hrs 25mins,680,Bengaluru,Hyderabad,576
08hrs 30mins,1000,Bengaluru,Hyderabad,576
09hrs 20mins,1200,Bengaluru,Hyderabad,576
09hrs 30mins,950,Bengaluru,Hyderabad,576
10hrs 30mins,509,Bengaluru,Hyderabad,576
09hrs 15mins,1200,Bengaluru,Hyderabad,576
12hrs 55mins,990,Bengaluru,Hyderabad,576
10hrs 00mins,1000,Bengaluru,Hyderabad,576
09hrs 15mins,1550,Bengaluru,Hyderabad,576
08hrs 15mins,1300,Bengaluru,Hyderabad,576
08hrs 35mins,1200,Bengaluru,Hyderabad,576
11hrs 25mins,702,Bengaluru,Hyderabad,576
09hrs 45mins,990,Bengaluru,Hyderabad,576
09hrs 30mins,1650,Bengaluru,Hyderabad,576
08hrs 31mins,999,Bengaluru,Hyderabad,576
09hrs 05mins,800,Bengaluru,Hyderabad,576
09hrs 35mins,790,Bengaluru,Hyderabad,576
09hrs 35mins,900,Bengaluru,Hyderabad,576
07hrs 40mins,1300,Bengaluru,Hyderabad,576
09hrs 01mins,549,Bengaluru,Hyderabad,576
09hrs 50mins,699,Bengaluru,Hyderabad,576
09hrs 15mins,1550,Bengaluru,Hyderabad,576
10hrs 00mins,1999,Bengaluru,Hyderabad,576
08hrs 50mins,1000,Bengaluru,Hyderabad,576
10hrs 30mins,3999,Bengaluru,Hyderabad,576
08hrs 20mins,1000,Bengaluru,Hyderabad,576
09hrs 30mins,509,Bengaluru,Hyderabad,576
12hrs 25mins,720,Bengaluru,Hyderabad,576
08hrs 55mins,1500,Bengaluru,Hyderabad,576
09hrs 10mins,1550,Bengaluru,Hyderabad,576
10hrs 40mins,990,Bengaluru,Hyderabad,576
09hrs 00mins,1100,Bengaluru,Hyderabad,576
07hrs 30mins,1190,Bengaluru,Hyderabad,576
08hrs 35mins,990,Bengaluru,Hyderabad,576
08hrs 25mins,1000,Bengaluru,Hyderabad,576
09hrs 10mins,500,Bengaluru,Hyderabad,576
11hrs 40mins,1999,Bengaluru,Hyderabad,576
08hrs 45mins,700,Bengaluru,Hyderabad,576
08hrs 30mins,1100,Bengaluru,Hyderabad,576
10hrs 00mins,1099,Bengaluru,Hyderabad,576
08hrs 25mins,2500,Bengaluru,Hyderabad,576
09hrs 40mins,1000,Bengaluru,Hyderabad,576
11hrs 15mins,3999,Bengaluru,Hyderabad,576
11hrs 40mins,1999,Bengaluru,Hyderabad,576
13hrs 00mins,1299,Bengaluru,Hyderabad,576
07hrs 00mins,1800,Bengaluru,Hyderabad,576
10hrs 20mins,6000,Bengaluru,Hyderabad,576
08hrs 20mins,3300,Bengaluru,Hyderabad,576
10hrs 20mins,6000,Bengaluru,Hyderabad,576
09hrs 25mins,2000,Bengaluru,Hyderabad,576
06hrs 00mins,452,Bengaluru,Chennai,346
06hrs 55mins,475,Bengaluru,Chennai,346
06hrs 45mins,690,Bengaluru,Chennai,346
06hrs 00mins,650,Bengaluru,Chennai,346
07hrs 00mins,900,Bengaluru,Chennai,346
06hrs 55mins,369,Bengaluru,Chennai,346
06hrs 55mins,380,Bengaluru,Chennai,346
06hrs 30mins,499,Bengaluru,Chennai,346
06hrs 00mins,580,Bengaluru,Chennai,346
06hrs 55mins,549,Bengaluru,Chennai,346
06hrs 20mins,750,Bengaluru,Chennai,346
07hrs 40mins,389,Bengaluru,Chennai,346
07hrs 00mins,565,Bengaluru,Chennai,346
06hrs 40mins,550,Bengaluru,Chennai,346
06hrs 55mins,380,Bengaluru,Chennai,346
07hrs 45mins,380,Bengaluru,Chennai,346
07hrs 10mins,409,Bengaluru,Chennai,346
07hrs 30mins,429,Bengaluru,Chennai,346
06hrs 30mins,749,Bengaluru,Chennai,346
06hrs 45mins,595,Bengaluru,Chennai,346
07hrs 15mins,749,Bengaluru,Chennai,346
07hrs 05mins,489,Bengaluru,Chennai,346
06hrs 40mins,483,Bengaluru,Chennai,346
07hrs 00mins,380,Bengaluru,Chennai,346
07hrs 25mins,380,Bengaluru,Chennai,346
06hrs 32mins,349,Bengaluru,Chennai,346
06hrs 00mins,595,Bengaluru,Chennai,346
06hrs 55mins,380,Bengaluru,Chennai,346
07hrs 30mins,576,Bengaluru,Chennai,346
08hrs 25mins,700,Bengaluru,Chennai,346
06hrs 45mins,850,Bengaluru,Chennai,346
06hrs 30mins,645,Bengaluru,Chennai,346
06hrs 30mins,652,Bengaluru,Chennai,346
06hrs 55mins,380,Bengaluru,Chennai,346
07hrs 20mins,609,Bengaluru,Chennai,346
07hrs 05mins,593,Bengaluru,Chennai,346
06hrs 30mins,850,Bengaluru,Chennai,346
07hrs 00mins,539,Bengaluru,Chennai,346
06hrs 40mins,580,Bengaluru,Chennai,346
06hrs 50mins,539,Bengaluru,Chennai,346
07hrs 25mins,380,Bengaluru,Chennai,346
06hrs 00mins,595,Bengaluru,Chennai,346
07hrs 05mins,600,Bengaluru,Chennai,346
07hrs 45mins,380,Bengaluru,Chennai,346
07hrs 30mins,380,Bengaluru,Chennai,346
06hrs 15mins,595,Bengaluru,Chennai,346
08hrs 00mins,380,Bengaluru,Chennai,346
10hrs 00mins,552,Bengaluru,Chennai,346
06hrs 55mins,540,Bengaluru,Chennai,346
06hrs 00mins,915,Bengaluru,Chennai,346
06hrs 00mins,595,Bengaluru,Chennai,346
07hrs 10mins,380,Bengaluru,Chennai,346
07hrs 35mins,619,Bengaluru,Chennai,346
07hrs 10mins,300,Bengaluru,Chennai,346
07hrs 45mins,380,Bengaluru,Chennai,346
06hrs 45mins,645,Bengaluru,Chennai,346
06hrs 30mins,730,Bengaluru,Chennai,346
06hrs 45mins,645,Bengaluru,Chennai,346
07hrs 10mins,380,Bengaluru,Chennai,346
07hrs 00mins,584,Bengaluru,Chennai,346
07hrs 25mins,380,Bengaluru,Chennai,346
07hrs 00mins,650,Bengaluru,Chennai,346
08hrs 22mins,450,Bengaluru,Chennai,346
07hrs 15mins,380,Bengaluru,Chennai,346
06hrs 00mins,1499,Bengaluru,Chennai,346
07hrs 30mins,794,Bengaluru,Chennai,346
08hrs 35mins,699,Bengaluru,Chennai,346
06hrs 30mins,749,Bengaluru,Chennai,346
07hrs 25mins,539,Bengaluru,Chennai,346
06hrs 55mins,648,Bengaluru,Chennai,346
07hrs 10mins,579,Bengaluru,Chennai,346
06hrs 25mins,699,Bengaluru,Chennai,346
06hrs 45mins,700,Bengaluru,Chennai,346
06hrs 50mins,600,Bengaluru,Chennai,346
06hrs 10mins,549,Bengaluru,Chennai,346
07hrs 20mins,5000,Bengaluru,Chennai,346
08hrs 25mins,781,Bengaluru,Chennai,346
08hrs 15mins,600,Bengaluru,Chennai,346
07hrs 46mins,550,Bengaluru,Chennai,346
06hrs 30mins,700,Bengaluru,Chennai,346
06hrs 55mins,699,Bengaluru,Chennai,346
06hrs 35mins,552,Bengaluru,Chennai,346
07hrs 00mins,600,Bengaluru,Chennai,346
06hrs 20mins,699,Bengaluru,Chennai,346
06hrs 10mins,300,Bengaluru,Chennai,346
05hrs 45mins,580,Bengaluru,Chennai,346
04hrs 45mins,1040,Bengaluru,Chennai,346
06hrs 30mins,647,Bengaluru,Chennai,346
07hrs 50mins,850,Bengaluru,Chennai,346
06hrs 15mins,900,Bengaluru,Chennai,346
05hrs 30mins,600,Bengaluru,Chennai,346
09hrs 40mins,400,Bengaluru,Chennai,346
08hrs 00mins,585,Bengaluru,Chennai,346
06hrs 00mins,549,Bengaluru,Chennai,346
06hrs 35mins,866,Bengaluru,Chennai,346
07hrs 15mins,1345,Bengaluru,Chennai,346
07hrs 55mins,450,Bengaluru,Chennai,346
07hrs 00mins,899,Bengaluru,Chennai,346
06hrs 30mins,700,Bengaluru,Chennai,346
07hrs 55mins,630,Bengaluru,Chennai,346
06hrs 15mins,550,Bengaluru,Chennai,346
08hrs 35mins,550,Bengaluru,Chennai,346
07hrs 20mins,500,Bengaluru,Chennai,346
08hrs 30mins,550,Bengaluru,Chennai,346
07hrs 05mins,500,Bengaluru,Chennai,346
06hrs 50mins,595,Bengaluru,Chennai,346
08hrs 15mins,650,Bengaluru,Chennai,346
06hrs 15mins,550,Bengaluru,Chennai,346
07hrs 20mins,595,Bengaluru,Chennai,346
06hrs 15mins,650,Bengaluru,Chennai,346
06hrs 45mins,584,Bengaluru,Chennai,346
07hrs 30mins,666,Bengaluru,Chennai,346
06hrs 45mins,585,Bengaluru,Chennai,346
07hrs 20mins,366,Bengaluru,Chennai,346
06hrs 05mins,474,Bengaluru,Chennai,346
07hrs 55mins,575,Bengaluru,Chennai,346
08hrs 35mins,600,Bengaluru,Chennai,346
06hrs 50mins,745,Bengaluru,Chennai,346
09hrs 00mins,575,Bengaluru,Chennai,346
07hrs 40mins,685,Bengaluru,Chennai,346
06hrs 30mins,650,Bengaluru,Chennai,346
07hrs 30mins,500,Bengaluru,Chennai,346
06hrs 40mins,475,Bengaluru,Chennai,346
06hrs 55mins,700,Bengaluru,Chennai,346
07hrs 00mins,380,Bengaluru,Chennai,346
05hrs 20mins,800,Bengaluru,Chennai,346
07hrs 15mins,800,Bengaluru,Chennai,346
07hrs 00mins,450,Bengaluru,Chennai,346
06hrs 45mins,600,Bengaluru,Chennai,346
07hrs 25mins,380,Bengaluru,Chennai,346
05hrs 45mins,650,Bengaluru,Chennai,346
07hrs 35mins,799,Bengaluru,Chennai,346
07hrs 50mins,1400,Bengaluru,Chennai,346
06hrs 15mins,800,Bengaluru,Chennai,346
06hrs 55mins,649,Bengaluru,Chennai,346
06hrs 45mins,600,Bengaluru,Chennai,346
06hrs 45mins,504,Bengaluru,Chennai,346
06hrs 45mins,504,Bengaluru,Chennai,346
13hrs 25mins,1399,Bengaluru,Goa,562
13hrs 15mins,1599,Bengaluru,Goa,562
12hrs 30mins,1399,Bengaluru,Goa,562
11hrs 35mins,1112,Bengaluru,Goa,562
13hrs 00mins,1020,Bengaluru,Goa,562
14hrs 10mins,962,Bengaluru,Goa,562
12hrs 55mins,1000,Bengaluru,Goa,562
13hrs 30mins,1210,Bengaluru,Goa,562
13hrs 30mins,1200,Bengaluru,Goa,562
11hrs 05mins,1490,Bengaluru,Goa,562
13hrs 00mins,1200,Bengaluru,Goa,562
13hrs 00mins,2699,Bengaluru,Goa,562
22hrs 55mins,1199,Bengaluru,Goa,562
13hrs 10mins,800,Bengaluru,Goa,562
12hrs 15mins,1300,Bengaluru,Goa,562
13hrs 00mins,1200,Bengaluru,Goa,562
13hrs 00mins,1500,Bengaluru,Goa,562
13hrs 30mins,1200,Bengaluru,Goa,562
12hrs 30mins,1110,Bengaluru,Goa,562
11hrs 35mins,1199,Bengaluru,Goa,562
21hrs 35mins,1200,Bengaluru,Goa,562
13hrs 00mins,1300,Bengaluru,Goa,562
13hrs 00mins,800,Bengaluru,Goa,562
13hrs 00mins,1200,Bengaluru,Goa,562
11hrs 45mins,1300,Bengaluru,Goa,562
13hrs 30mins,1099,Bengaluru,Goa,562
13hrs 00mins,1500,Bengaluru,Goa,562
13hrs 15mins,1333,Bengaluru,Goa,562
13hrs 00mins,1200,Bengaluru,Goa,562
06hrs 45mins,690,Chennai,Bengaluru,345
06hrs 40mins,449,Chennai,Bengaluru,345
07hrs 05mins,525,Chennai,Bengaluru,345
08hrs 20mins,650,Chennai,Bengaluru,345
06hrs 20mins,449,Chennai,Bengaluru,345
07hrs 10mins,589,Chennai,Bengaluru,345
06hrs 25mins,450,Chennai,Bengaluru,345
07hrs 25mins,749,Chennai,Bengaluru,345
08hrs 05mins,349,Chennai,Bengaluru,345
06hrs 20mins,449,Chennai,Bengaluru,345
06hrs 35mins,650,Chennai,Bengaluru,345
07hrs 00mins,499,Chennai,Bengaluru,345
07hrs 15mins,449,Chennai,Bengaluru,345
06hrs 50mins,1000,Chennai,Bengaluru,345
06hrs 25mins,676,Chennai,Bengaluru,345
06hrs 55mins,380,Chennai,Bengaluru,345
07hrs 53mins,450,Chennai,Bengaluru,345
07hrs 20mins,749,Chennai,Bengaluru,345
07hrs 45mins,380,Chennai,Bengaluru,345
06hrs 35mins,483,Chennai,Bengaluru,345
07hrs 30mins,380,Chennai,Bengaluru,345
07hrs 20mins,537,Chennai,Bengaluru,345
06hrs 55mins,696,Chennai,Bengaluru,345
07hrs 40mins,380,Chennai,Bengaluru,345
06hrs 30mins,595,Chennai,Bengaluru,345
07hrs 30mins,699,Chennai,Bengaluru,345
06hrs 15mins,585,Chennai,Bengaluru,345
06hrs 45mins,724,Chennai,Bengaluru,345
06hrs 30mins,645,Chennai,Bengaluru,345
07hrs 25mins,652,Chennai,Bengaluru,345
06hrs 45mins,850,Chennai,Bengaluru,345
06hrs 30mins,695,Chennai,Bengaluru,345
08hrs 00mins,5000,Chennai,Bengaluru,345
06hrs 30mins,710,Chennai,Bengaluru,345
06hrs 45mins,850,Chennai,Bengaluru,345
07hrs 10mins,699,Chennai,Bengaluru,345
05hrs 50mins,500,Chennai,Bengaluru,345
06hrs 55mins,585,Chennai,Bengaluru,345
06hrs 50mins,650,Chennai,Bengaluru,345
07hrs 15mins,600,Chennai,Bengaluru,345
08hrs 55mins,699,Chennai,Bengaluru,345
08hrs 05mins,380,Chennai,Bengaluru,345
07hrs 00mins,552,Chennai,Bengaluru,345
08hrs 10mins,380,Chennai,Bengaluru,345
06hrs 45mins,699,Chennai,Bengaluru,345
07hrs 00mins,595,Chennai,Bengaluru,345
07hrs 20mins,699,Chennai,Bengaluru,345
07hrs 55mins,570,Chennai,Bengaluru,345
06hrs 35mins,380,Chennai,Bengaluru,345
08hrs 20mins,600,Chennai,Bengaluru,345
06hrs 15mins,767,Chennai,Bengaluru,345
07hrs 00mins,750,Chennai,Bengaluru,345
06hrs 50mins,699,Chennai,Bengaluru,345
05hrs 40mins,580,Chennai,Bengaluru,345
06hrs 10mins,900,Chennai,Bengaluru,345
07hrs 30mins,890,Chennai,Bengaluru,345
06hrs 45mins,595,Chennai,Bengaluru,345
07hrs 00mins,800,Chennai,Bengaluru,345
08hrs 35mins,829,Chennai,Bengaluru,345
07hrs 15mins,659,Chennai,Bengaluru,345
06hrs 50mins,380,Chennai,Bengaluru,345
07hrs 20mins,699,Chennai,Bengaluru,345
06hrs 35mins,866,Chennai,Bengaluru,345
06hrs 20mins,1499,Chennai,Bengaluru,345
06hrs 30mins,599,Chennai,Bengaluru,345
06hrs 45mins,645,Chennai,Bengaluru,345
08hrs 10mins,600,Chennai,Bengaluru,345
06hrs 35mins,380,Chennai,Bengaluru,345
05hrs 30mins,595,Chennai,Bengaluru,345
06hrs 35mins,829,Chennai,Bengaluru,345
06hrs 42mins,652,Chennai,Bengaluru,345
06hrs 15mins,450,Chennai,Bengaluru,345
07hrs 10mins,380,Chennai,Bengaluru,345
06hrs 30mins,948,Chennai,Bengaluru,345
06hrs 20mins,450,Chennai,Bengaluru,345
07hrs 00mins,475,Chennai,Bengaluru,345
06hrs 35mins,380,Chennai,Bengaluru,345
08hrs 00mins,1010,Chennai,Bengaluru,345
06hrs 35mins,380,Chennai,Bengaluru,345
07hrs 05mins,700,Chennai,Bengaluru,345
06hrs 05mins,350,Chennai,Bengaluru,345
06hrs 45mins,504,Chennai,Bengaluru,345
06hrs 40mins,580,Chennai,Bengaluru,345
06hrs 50mins,750,Chennai,Bengaluru,345
07hrs 15mins,650,Chennai,Bengaluru,345
06hrs 30mins,400,Chennai,Bengaluru,345
06hrs 30mins,649,Chennai,Bengaluru,345
07hrs 10mins,585,Chennai,Bengaluru,345
06hrs 05mins,776,Chennai,Bengaluru,345
06hrs 30mins,600,Chennai,Bengaluru,345
06hrs 30mins,700,Chennai,Bengaluru,345
07hrs 00mins,599,Chennai,Bengaluru,345
06hrs 35mins,380,Chennai,Bengaluru,345
08hrs 00mins,500,Chennai,Bengaluru,345
08hrs 05mins,380,Chennai,Bengaluru,345
08hrs 00mins,455,Chennai,Bengaluru,345
07hrs 50mins,550,Chennai,Bengaluru,345
09hrs 20mins,400,Chennai,Bengaluru,345
06hrs 30mins,600,Chennai,Bengaluru,345
07hrs 00mins,740,Chennai,Bengaluru,345
09hrs 10mins,666,Chennai,Bengaluru,345
07hrs 25mins,380,Chennai,Bengaluru,345
07hrs 00mins,649,Chennai,Bengaluru,345
07hrs 50mins,650,Chennai,Bengaluru,345
07hrs 45mins,600,Chennai,Bengaluru,345
06hrs 15mins,700,Chennai,Bengaluru,345
07hrs 00mins,800,Chennai,Bengaluru,345
06hrs 15mins,500,Chennai,Bengaluru,345
08hrs 00mins,550,Chennai,Bengaluru,345
06hrs 50mins,600,Chennai,Bengaluru,345
06hrs 55mins,380,Chennai,Bengaluru,345
06hrs 50mins,600,Chennai,Bengaluru,345
07hrs 40mins,750,Chennai,Bengaluru,345
06hrs 30mins,450,Chennai,Bengaluru,345
06hrs 40mins,890,Chennai,Bengaluru,345
08hrs 30mins,699,Chennai,Bengaluru,345
06hrs 30mins,799,Chennai,Bengaluru,345
06hrs 46mins,699,Chennai,Bengaluru,345
06hrs 10mins,750,Chennai,Bengaluru,345
07hrs 50mins,750,Chennai,Bengaluru,345
06hrs 49mins,600,Chennai,Bengaluru,345
08hrs 00mins,600,Chennai,Bengaluru,345
06hrs 15mins,700,Chennai,Bengaluru,345
06hrs 15mins,550,Chennai,Bengaluru,345
08hrs 05mins,600,Chennai,Bengaluru,345
06hrs 30mins,800,Chennai,Bengaluru,345
06hrs 30mins,450,Chennai,Bengaluru,345
07hrs 20mins,799,Chennai,Bengaluru,345
05hrs 55mins,1200,Chennai,Bengaluru,345
07hrs 35mins,650,Chennai,Bengaluru,345
06hrs 15mins,500,Chennai,Bengaluru,345
06hrs 30mins,550,Chennai,Bengaluru,345
05hrs 55mins,1200,Chennai,Bengaluru,345
06hrs 45mins,504,Chennai,Bengaluru,345
08hrs 10mins,380,Chennai,Bengaluru,345
06hrs 45mins,684,Chennai,Bengaluru,345
07hrs 15mins,349,Chennai,Bengaluru,345
06hrs 55mins,1400,Chennai,Bengaluru,345
07hrs 55mins,790,Chennai,Bengaluru,345
06hrs 45mins,500,Delhi,Jaipur,307
05hrs 00mins,900,Delhi,Jaipur,307
06hrs 30mins,1099,Delhi,Jaipur,307
05hrs 30mins,400,Delhi,Jaipur,307
05hrs 30mins,799,Delhi,Jaipur,307
05hrs 35mins,360,Delhi,Jaipur,307
05hrs 31mins,379,Delhi,Jaipur,307
05hrs 50mins,299,Delhi,Jaipur,307
05hrs 45mins,315,Delhi,Jaipur,307
06hrs 50mins,270,Delhi,Jaipur,307
05hrs 40mins,269,Delhi,Jaipur,307
06hrs 40mins,2400,Delhi,Jaipur,307
06hrs 20mins,1400,Delhi,Jaipur,307
05hrs 45mins,299,Delhi,Jaipur,307
05hrs 35mins,284,Delhi,Jaipur,307
05hrs 30mins,400,Delhi,Jaipur,307
05hrs 35mins,284,Delhi,Jaipur,307
07hrs 10mins,699,Delhi,Jaipur,307
05hrs 25mins,315,Delhi,Jaipur,307
07hrs 00mins,699,Delhi,Jaipur,307
07hrs 05mins,315,Delhi,Jaipur,307
05hrs 50mins,284,Delhi,Jaipur,307
07hrs 00mins,351,Delhi,Jaipur,307
04hrs 55mins,450,Delhi,Jaipur,307
04hrs 50mins,401,Delhi,Jaipur,307
06hrs 15mins,284,Delhi,Jaipur,307
05hrs 50mins,284,Delhi,Jaipur,307
05hrs 50mins,284,Delhi,Jaipur,307
05hrs 50mins,379,Delhi,Jaipur,307
05hrs 35mins,284,Delhi,Jaipur,307
05hrs 50mins,284,Delhi,Jaipur,307
06hrs 10mins,400,Delhi,Jaipur,307
06hrs 05mins,1799,Delhi,Jaipur,307
05hrs 48mins,700,Delhi,Jaipur,307
05hrs 30mins,600,Delhi,Jaipur,307
05hrs 40mins,598,Delhi,Jaipur,307
05hrs 35mins,284,Delhi,Jaipur,307
06hrs 50mins,699,Delhi,Jaipur,307
07hrs 01mins,650,Delhi,Jaipur,307
05hrs 35mins,284,Delhi,Jaipur,307
05hrs 15mins,1020,Delhi,Jaipur,307
04hrs 45mins,450,Delhi,Jaipur,307
05hrs 50mins,799,Delhi,Jaipur,307
06hrs 00mins,600,Delhi,Jaipur,307
05hrs 40mins,284,Delhi,Jaipur,307
06hrs 15mins,301,Delhi,Jaipur,307
05hrs 50mins,413,Delhi,Jaipur,307
05hrs 30mins,400,Delhi,Jaipur,307
05hrs 45mins,1399,Delhi,Jaipur,307
05hrs 30mins,399,Delhi,Jaipur,307
05hrs 50mins,284,Delhi,Jaipur,307
05hrs 05mins,449,Delhi,Jaipur,307
05hrs 50mins,284,Delhi,Jaipur,307
05hrs 55mins,284,Delhi,Jaipur,307
04hrs 45mins,1200,Delhi,Jaipur,307
06hrs 05mins,500,Delhi,Jaipur,307
06hrs 35mins,400,Delhi,Jaipur,307
05hrs 15mins,1000,Delhi,Jaipur,307
05hrs 35mins,400,Delhi,Jaipur,307
05hrs 23mins,810,Delhi,Jaipur,307
06hrs 30mins,1000,Delhi,Jaipur,307
05hrs 15mins,1099,Delhi,Jaipur,307
06hrs 10mins,569,Delhi,Jaipur,307
05hrs 55mins,1000,Delhi,Jaipur,307
06hrs 30mins,375,Delhi,Jaipur,307
06hrs 30mins,900,Delhi,Jaipur,307
05hrs 30mins,379,Delhi,Jaipur,307
05hrs 30mins,750,Delhi,Jaipur,307
06hrs 30mins,1999,Delhi,Jaipur,307
06hrs 35mins,1499,Delhi,Jaipur,307
05hrs 18mins,1200,Delhi,Jaipur,307
06hrs 30mins,2550,Delhi,Jaipur,307
06hrs 25mins,400,Delhi,Jaipur,307
05hrs 15mins,401,Delhi,Jaipur,307
07hrs 25mins,700,Delhi,Jaipur,307
05hrs 40mins,450,Delhi,Jaipur,307
05hrs 31mins,333,Delhi,Jaipur,307
06hrs 15mins,2199,Delhi,Jaipur,307
05hrs 45mins,401,Delhi,Jaipur,307
06hrs 00mins,637,Delhi,Jaipur,307
06hrs 16mins,500,Delhi,Jaipur,307
07hrs 20mins,1010,Delhi,Jaipur,307
05hrs 14mins,400,Delhi,Jaipur,307
05hrs 40mins,1199,Delhi,Jaipur,307
05hrs 59mins,1299,Delhi,Jaipur,307
06hrs 20mins,1600,Delhi,Jaipur,307
06hrs 10mins,1049,Delhi,Jaipur,307
07hrs 05mins,1049,Delhi,Jaipur,307
05hrs 55mins,400,Delhi,Jaipur,307
07hrs 15mins,380,Delhi,Jaipur,307
06hrs 30mins,381,Delhi,Jaipur,307
05hrs 50mins,400,Delhi,Jaipur,307
06hrs 30mins,899,Delhi,Jaipur,307
06hrs 00mins,599,Delhi,Jaipur,307
04hrs 50mins,1259,Delhi,Jaipur,307
05hrs 15mins,951,Delhi,Jaipur,307
06hrs 55mins,300,Delhi,Jaipur,307
06hrs 45mins,600,Delhi,Jaipur,307
05hrs 35mins,1080,Delhi,Jaipur,307
06hrs 50mins,399,Delhi,Jaipur,307
06hrs 30mins,375,Delhi,Jaipur,307
07hrs 00mins,401,Delhi,Jaipur,307
07hrs 15mins,401,Delhi,Jaipur,307
06hrs 30mins,400,Delhi,Jaipur,307
06hrs 20mins,401,Delhi,Jaipur,307
07hrs 00mins,400,Delhi,Jaipur,307
04hrs 45mins,1899,Delhi,Jaipur,307
07hrs 15mins,1100,Delhi,Jaipur,307
06hrs 15mins,399,Delhi,Jaipur,307
06hrs 15mins,2099,Delhi,Jaipur,307
06hrs 00mins,427,Delhi,Jaipur,307
06hrs 10mins,400,Delhi,Jaipur,307
06hrs 35mins,379,Delhi,Jaipur,307
06hrs 10mins,600,Delhi,Jaipur,307
07hrs 10mins,300,Delhi,Jaipur,307
06hrs 15mins,349,Delhi,Jaipur,307
05hrs 00mins,700,Delhi,Jaipur,307
05hrs 40mins,569,Delhi,Jaipur,307
07hrs 00mins,474,Delhi,Jaipur,307
06hrs 35mins,300,Delhi,Jaipur,307
06hrs 00mins,379,Delhi,Jaipur,307
06hrs 30mins,600,Delhi,Jaipur,307
06hrs 00mins,700,Delhi,Jaipur,307
05hrs 00mins,1862,Delhi,Jaipur,307
06hrs 10mins,290,Delhi,Jaipur,307
06hrs 50mins,522,Delhi,Jaipur,307
04hrs 45mins,899,Delhi,Jaipur,307
05hrs 30mins,400,Delhi,Jaipur,307
06hrs 40mins,300,Delhi,Jaipur,307
06hrs 30mins,524,Delhi,Jaipur,307
05hrs 56mins,1000,Delhi,Jaipur,307
05hrs 30mins,1000,Delhi,Jaipur,307
05hrs 30mins,762,Delhi,Jaipur,307
05hrs 45mins,360,Delhi,Jaipur,307
06hrs 00mins,1079,Delhi,Jaipur,307
06hrs 20mins,710,Delhi,Jaipur,307
05hrs 35mins,250,Delhi,Jaipur,307
05hrs 35mins,500,Delhi,Jaipur,307
06hrs 30mins,400,Delhi,Jaipur,307
06hrs 01mins,765,Delhi,Jaipur,307
03hrs 17mins,1080,Delhi,Jaipur,307
06hrs 00mins,290,Delhi,Jaipur,307
06hrs 25mins,1200,Delhi,Jaipur,307
06hrs 30mins,1333,Delhi,Jaipur,307
06hrs 25mins,799,Delhi,Jaipur,307
05hrs 46mins,1099,Delhi,Jaipur,307
04hrs 45mins,494,Delhi,Jaipur,307
06hrs 00mins,1238,Delhi,Jaipur,307
06hrs 00mins,500,Delhi,Jaipur,307
06hrs 00mins,600,Delhi,Jaipur,307
06hrs 22mins,619,Delhi,Jaipur,307
05hrs 00mins,524,Delhi,Jaipur,307
05hrs 50mins,1114,Delhi,Jaipur,307
06hrs 15mins,900,Delhi,Jaipur,307
05hrs 45mins,952,Delhi,Jaipur,307
06hrs 28mins,1601,Delhi,Jaipur,307
05hrs 30mins,1190,Delhi,Jaipur,307
05hrs 00mins,524,Delhi,Jaipur,307
05hrs 58mins,600,Delhi,Jaipur,307
05hrs 00mins,700,Delhi,Jaipur,307
07hrs 00mins,899,Delhi,Jaipur,307
05hrs 45mins,800,Delhi,Jaipur,307
06hrs 20mins,850,Delhi,Jaipur,307
05hrs 59mins,1000,Delhi,Jaipur,307
06hrs 00mins,899,Delhi,Jaipur,307
05hrs 05mins,2800,Delhi,Jaipur,307
03hrs 40mins,769,Delhi,Agra,243
04hrs 30mins,1044,Delhi,Agra,243
03hrs 00mins,825,Delhi,Agra,243
04hrs 00mins,825,Delhi,Agra,243
04hrs 10mins,835,Delhi,Agra,243
04hrs 00mins,1377,Delhi,Agra,243
03hrs 30mins,570,Delhi,Agra,243
04hrs 15mins,1425,Delhi,Agra,243
04hrs 50mins,1330,Delhi,Agra,243
03hrs 55mins,899,Delhi,Agra,243
04hrs 30mins,1509,Delhi,Agra,243
04hrs 15mins,664,Delhi,Agra,243
04hrs 00mins,1099,Delhi,Agra,243
04hrs 14mins,1600,Delhi,Agra,243
03hrs 40mins,503,Delhi,Agra,243
04hrs 00mins,1300,Delhi,Agra,243
04hrs 00mins,1999,Delhi,Agra,243
03hrs 55mins,1661,Delhi,Agra,243
03hrs 40mins,1599,Delhi,Agra,243
04hrs 05mins,1440,Delhi,Agra,243
04hrs 30mins,1044,Delhi,Agra,243
04hrs 00mins,739,Delhi,Agra,243
04hrs 00mins,1599,Delhi,Agra,243
05hrs 00mins,999,Delhi,Agra,243
02hrs 59mins,1100,Delhi,Agra,243
04hrs 00mins,1099,Delhi,Agra,243
03hrs 45mins,1449,Delhi,Agra,243
04hrs 40mins,1499,Delhi,Agra,243
03hrs 45mins,649,Delhi,Agra,243
03hrs 55mins,2160,Delhi,Agra,243
03hrs 45mins,859,Delhi,Agra,243
04hrs 05mins,1399,Delhi,Agra,243
04hrs 50mins,284,Delhi,Agra,243
05hrs 20mins,321,Delhi,Agra,243
05hrs 25mins,284,Delhi,Agra,243
05hrs 25mins,284,Delhi,Agra,243
03hrs 30mins,1799,Delhi,Agra,243
03hrs 15mins,1679,Delhi,Agra,243
05hrs 05mins,166,Delhi,Agra,243
06hrs 20mins,1360,Delhi,Agra,243
04hrs 30mins,1348,Delhi,Agra,243
05hrs 25mins,1242,Delhi,Agra,243
04hrs 00mins,659,Delhi,Agra,243
04hrs 00mins,949,Delhi,Agra,243
03hrs 00mins,1060,Delhi,Agra,243
05hrs 35mins,200,Delhi,Agra,243
05hrs 20mins,1099,Delhi,Agra,243
04hrs 45mins,321,Delhi,Agra,243
04hrs 15mins,859,Delhi,Agra,243
04hrs 00mins,1092,Delhi,Agra,243
04hrs 50mins,284,Delhi,Agra,243
03hrs 40mins,1089,Delhi,Agra,243
05hrs 25mins,284,Delhi,Agra,243
05hrs 50mins,321,Delhi,Agra,243
05hrs 20mins,284,Delhi,Agra,243
04hrs 30mins,284,Delhi,Agra,243
05hrs 05mins,284,Delhi,Agra,243
04hrs 00mins,1377,Delhi,Agra,243
05hrs 20mins,284,Delhi,Agra,243
03hrs 30mins,825,Delhi,Agra,243
05hrs 05mins,284,Delhi,Agra,243
03hrs 55mins,1140,Delhi,Agra,243
03hrs 45mins,500,Delhi,Agra,243
05hrs 05mins,284,Delhi,Agra,243
04hrs 05mins,1059,Delhi,Agra,243
03hrs 20mins,659,Delhi,Agra,243
05hrs 35mins,200,Delhi,Agra,243
03hrs 10mins,1197,Delhi,Agra,243
04hrs 50mins,321,Delhi,Agra,243
05hrs 10mins,739,Delhi,Agra,243
04hrs 35mins,379,Delhi,Agra,243
03hrs 30mins,1199,Delhi,Agra,243
04hrs 50mins,284,Delhi,Agra,243
03hrs 30mins,1026,Delhi,Agra,243
04hrs 05mins,799,Delhi,Agra,243
04hrs 30mins,899,Delhi,Agra,243
05hrs 00mins,998,Delhi,Agra,243
03hrs 00mins,899,Delhi,Agra,243
16hrs 15mins,999,Delhi,Agra,243
03hrs 30mins,1499,Delhi,Agra,243
03hrs 50mins,799,Delhi,Agra,243
03hrs 35mins,1599,Delhi,Agra,243
04hrs 15mins,483,Delhi,Agra,243
03hrs 00mins,463,Delhi,Agra,243
03hrs 10mins,669,Delhi,Agra,243
14hrs 10mins,1999,Delhi,Agra,243
04hrs 55mins,749,Delhi,Agra,243
15hrs 00mins,1100,Delhi,Agra,243
04hrs 00mins,1100,Delhi,Agra,243
03hrs 40mins,1999,Delhi,Agra,243
03hrs 30mins,689,Delhi,Agra,243
03hrs 40mins,5000,Delhi,Agra,243
04hrs 55mins,367,Delhi,Agra,243
04hrs 34mins,549,Delhi,Agra,243
03hrs 00mins,1499,Delhi,Agra,243
02hrs 10mins,569,Delhi,Agra,243
03hrs 40mins,2999,Delhi,Agra,243
04hrs 41mins,3490,Delhi,Agra,243
03hrs 40mins,1599,Delhi,Agra,243
04hrs 00mins,689,Delhi,Agra,243
03hrs 10mins,2999,Delhi,Agra,243
03hrs 40mins,1999,Delhi,Agra,243
03hrs 30mins,3499,Delhi,Agra,243
04hrs 09mins,750,Delhi,Agra,243
04hrs 20mins,606,Delhi,Agra,243
03hrs 00mins,1999,Delhi,Agra,243
04hrs 05mins,711,Delhi,Agra,243
03hrs 30mins,1800,Delhi,Agra,243
04hrs 30mins,899,Delhi,Agra,243
03hrs 35mins,799,Delhi,Agra,243
04hrs 45mins,799,Delhi,Agra,243
03hrs 53mins,1600,Delhi,Agra,243
03hrs 30mins,1199,Delhi,Agra,243
04hrs 46mins,599,Delhi,Agra,243
04hrs 09mins,799,Delhi,Agra,243
02hrs 35mins,1399,Delhi,Agra,243
02hrs 35mins,1499,Delhi,Agra,243
03hrs 30mins,999,Delhi,Agra,243
05hrs 31mins,2745,Delhi,Agra,243
03hrs 20mins,699,Delhi,Agra,243
03hrs 45mins,1299,Delhi,Agra,243
04hrs 45mins,664,Delhi,Agra,243
02hrs 50mins,599,Delhi,Agra,243
03hrs 48mins,699,Delhi,Agra,243
03hrs 30mins,1330,Delhi,Agra,243
03hrs 30mins,1299,Delhi,Agra,243
03hrs 30mins,599,Delhi,Agra,243
04hrs 30mins,1990,Delhi,Agra,243
04hrs 25mins,1499,Delhi,Agra,243
04hrs 00mins,499,Delhi,Agra,243
03hrs 00mins,549,Delhi,Agra,243
04hrs 10mins,499,Delhi,Agra,243
04hrs 30mins,1499,Delhi,Agra,243
04hrs 40mins,1599,Delhi,Agra,243
04hrs 30mins,1099,Delhi,Agra,243
03hrs 31mins,1199,Delhi,Agra,243
03hrs 31mins,1199,Delhi,Agra,243
02hrs 35mins,1199,Delhi,Agra,243
04hrs 00mins,414,Delhi,Agra,243
06hrs 10mins,390,Delhi,Agra,243
03hrs 00mins,549,Delhi,Agra,243
04hrs 30mins,1785,Delhi,Agra,243
01hrs 25mins,1299,Delhi,Agra,243
03hrs 15mins,500,Delhi,Agra,243
06hrs 10mins,423,Delhi,Agra,243
03hrs 20mins,1100,Delhi,Agra,243
04hrs 00mins,700,Delhi,Agra,243
03hrs 30mins,599,Delhi,Agra,243
03hrs 31mins,799,Delhi,Agra,243
04hrs 30mins,1200,Delhi,Agra,243
04hrs 00mins,1299,Delhi,Agra,243
03hrs 15mins,899,Delhi,Agra,243
04hrs 00mins,1300,Delhi,Agra,243
05hrs 30mins,699,Delhi,Agra,243
03hrs 05mins,1499,Delhi,Agra,243
03hrs 20mins,1199,Delhi,Agra,243
03hrs 30mins,1149,Delhi,Agra,243
02hrs 45mins,1499,Delhi,Agra,243
04hrs 30mins,1199,Delhi,Agra,243
03hrs 10mins,1499,Delhi,Agra,243
03hrs 15mins,1799,Delhi,Agra,243
02hrs 55mins,4500,Delhi,Agra,243
05hrs 05mins,800,Delhi,Agra,243
03hrs 10mins,900,Delhi,Agra,243
03hrs 30mins,2659,Delhi,Agra,243
03hrs 35mins,2000,Delhi,Agra,243
04hrs 30mins,999,Delhi,Agra,243
02hrs 29mins,999,Delhi,Agra,243
03hrs 35mins,799,Delhi,Agra,243
03hrs 35mins,2000,Delhi,Agra,243
05hrs 15mins,999,Delhi,Agra,243
02hrs 45mins,999,Delhi,Agra,243
05hrs 00mins,899,Delhi,Agra,243
05hrs 00mins,899,Delhi,Agra,243
03hrs 55mins,539,Delhi,Agra,243
03hrs 55mins,584,Delhi,Agra,243
03hrs 55mins,719,Delhi,Agra,243
05hrs 25mins,739,Delhi,Agra,243
05hrs 30mins,740,Delhi,Agra,243
03hrs 40mins,1296,Delhi,Agra,243
04hrs 30mins,2249,Delhi,Agra,243
03hrs 01mins,2249,Delhi,Agra,243
04hrs 05mins,1200,Delhi,Agra,243
04hrs 10mins,399,Delhi,Agra,243
03hrs 00mins,1190,Delhi,Agra,243
02hrs 45mins,2200,Delhi,Agra,243
03hrs 10mins,699,Delhi,Agra,243
04hrs 40mins,600,Delhi,Agra,243
03hrs 10mins,949,Delhi,Agra,243
02hrs 30mins,2190,Delhi,Agra,243
03hrs 45mins,2099,Delhi,Agra,243
04hrs 10mins,571,Delhi,Agra,243
03hrs 45mins,1999,Delhi,Agra,243
03hrs 45mins,1299,Delhi,Agra,243
03hrs 45mins,1499,Delhi,Agra,243
03hrs 30mins,699,Delhi,Agra,243
04hrs 00mins,1350,Delhi,Agra,243
03hrs 40mins,1280,Delhi,Agra,243
04hrs 05mins,1099,Delhi,Agra,243
03hrs 00mins,1665,Delhi,Agra,243
02hrs 53mins,599,Delhi,Agra,243
03hrs 55mins,1199,Delhi,Agra,243
03hrs 30mins,999,Delhi,Agra,243
04hrs 06mins,499,Delhi,Agra,243
05hrs 30mins,549,Delhi,Agra,243
03hrs 30mins,1299,Delhi,Agra,243
03hrs 55mins,1099,Delhi,Agra,243
03hrs 35mins,1499,Delhi,Agra,243
04hrs 00mins,2339,Delhi,Agra,243
04hrs 00mins,2249,Delhi,Agra,243
02hrs 53mins,800,Delhi,Agra,243
03hrs 15mins,1499,Delhi,Agra,243
03hrs 45mins,1200,Delhi,Agra,243
03hrs 35mins,1499,Delhi,Agra,243
03hrs 35mins,1099,Delhi,Agra,243
04hrs 00mins,699,Delhi,Agra,243
03hrs 30mins,699,Delhi,Agra,243
03hrs 40mins,1500,Delhi,Agra,243
03hrs 50mins,1499,Delhi,Agra,243
04hrs 05mins,840,Delhi,Agra,243
04hrs 30mins,4500,Delhi,Agra,243
05hrs 00mins,699,Delhi,Agra,243
04hrs 30mins,1235,Delhi,Agra,243
02hrs 50mins,709,Delhi,Agra,243
03hrs 30mins,1330,Delhi,Agra,243
03hrs 50mins,699,Delhi,Agra,243
03hrs 30mins,1500,Delhi,Agra,243
03hrs 51mins,750,Delhi,Agra,243
03hrs 00mins,300,Delhi,Agra,243
03hrs 00mins,300,Delhi,Agra,243
03hrs 00mins,300,Delhi,Agra,243
03hrs 00mins,300,Delhi,Agra,243
03hrs 00mins,300,Delhi,Agra,243
03hrs 00mins,300,Delhi,Agra,243
03hrs 00mins,300,Delhi,Agra,243
03hrs 00mins,300,Delhi,Agra,243
03hrs 00mins,300,Delhi,Agra,243
03hrs 00mins,300,Delhi,Agra,243
03hrs 00mins,300,Delhi,Agra,243
03hrs 00mins,300,Delhi,Agra,243
03hrs 00mins,300,Delhi,Agra,243
03hrs 00mins,300,Delhi,Agra,243
04hrs 01mins,750,Delhi,Agra,243
03hrs 00mins,375,Delhi,Agra,243
03hrs 00mins,449,Delhi,Agra,243
03hrs 00mins,449,Delhi,Agra,243
03hrs 00mins,449,Delhi,Agra,243
03hrs 00mins,449,Delhi,Agra,243
04hrs 25mins,1479,Delhi,Agra,243
03hrs 45mins,994,Delhi,Agra,243
03hrs 30mins,1299,Delhi,Agra,243
03hrs 45mins,994,Delhi,Agra,243
03hrs 40mins,1599,Delhi,Agra,243
03hrs 00mins,1500,Delhi,Agra,243
02hrs 50mins,699,Delhi,Agra,243
03hrs 45mins,994,Delhi,Agra,243
03hrs 45mins,994,Delhi,Agra,243
03hrs 40mins,999,Delhi,Agra,243
03hrs 10mins,1399,Delhi,Agra,243
04hrs 00mins,1299,Delhi,Agra,243
04hrs 15mins,810,Delhi,Agra,243
05hrs 30mins,1500,Delhi,Agra,243
03hrs 30mins,1199,Delhi,Agra,243
02hrs 45mins,575,Delhi,Agra,243
04hrs 20mins,717,Delhi,Agra,243
07hrs 55mins,1199,Delhi,Lucknow,548
07hrs 30mins,1197,Delhi,Lucknow,548
07hrs 15mins,1599,Delhi,Lucknow,548
08hrs 10mins,1295,Delhi,Lucknow,548
09hrs 05mins,1179,Delhi,Lucknow,548
09hrs 15mins,679,Delhi,Lucknow,548
08hrs 10mins,939,Delhi,Lucknow,548
08hrs 30mins,719,Delhi,Lucknow,548
08hrs 15mins,749,Delhi,Lucknow,548
09hrs 30mins,719,Delhi,Lucknow,548
07hrs 35mins,825,Delhi,Lucknow,548
09hrs 00mins,1399,Delhi,Lucknow,548
08hrs 10mins,2160,Delhi,Lucknow,548
08hrs 15mins,949,Delhi,Lucknow,548
07hrs 40mins,1799,Delhi,Lucknow,548
09hrs 30mins,749,Delhi,Lucknow,548
09hrs 20mins,1139,Delhi,Lucknow,548
08hrs 30mins,1235,Delhi,Lucknow,548
10hrs 20mins,1199,Delhi,Lucknow,548
08hrs 30mins,799,Delhi,Lucknow,548
09hrs 15mins,729,Delhi,Lucknow,548
09hrs 00mins,719,Delhi,Lucknow,548
08hrs 25mins,969,Delhi,Lucknow,548
08hrs 30mins,1100,Delhi,Lucknow,548
08hrs 00mins,1799,Delhi,Lucknow,548
08hrs 00mins,1599,Delhi,Lucknow,548
10hrs 05mins,1229,Delhi,Lucknow,548
10hrs 00mins,1719,Delhi,Lucknow,548
10hrs 05mins,1239,Delhi,Lucknow,548
07hrs 45mins,1200,Delhi,Lucknow,548
09hrs 20mins,1269,Delhi,Lucknow,548
08hrs 40mins,711,Delhi,Lucknow,548
08hrs 50mins,1330,Delhi,Lucknow,548
07hrs 15mins,1499,Delhi,Lucknow,548
08hrs 30mins,1330,Delhi,Lucknow,548
08hrs 35mins,825,Delhi,Lucknow,548
08hrs 00mins,799,Delhi,Lucknow,548
07hrs 58mins,750,Delhi,Lucknow,548
08hrs 15mins,1999,Delhi,Lucknow,548
10hrs 00mins,570,Delhi,Lucknow,548
08hrs 00mins,1599,Delhi,Lucknow,548
09hrs 00mins,699,Delhi,Lucknow,548
09hrs 05mins,606,Delhi,Lucknow,548
09hrs 15mins,729,Delhi,Lucknow,548
08hrs 30mins,1999,Delhi,Lucknow,548
07hrs 50mins,1599,Delhi,Lucknow,548
07hrs 40mins,899,Delhi,Lucknow,548
11hrs 05mins,1386,Delhi,Lucknow,548
08hrs 20mins,1399,Delhi,Lucknow,548
09hrs 05mins,1209,Delhi,Lucknow,548
08hrs 30mins,1249,Delhi,Lucknow,548
07hrs 45mins,1499,Delhi,Lucknow,548
08hrs 15mins,1499,Delhi,Lucknow,548
07hrs 35mins,1100,Delhi,Lucknow,548
09hrs 05mins,1759,Delhi,Lucknow,548
08hrs 50mins,1425,Delhi,Lucknow,548
09hrs 00mins,1699,Delhi,Lucknow,548
07hrs 50mins,2999,Delhi,Lucknow,548
07hrs 30mins,669,Delhi,Lucknow,548
07hrs 05mins,799,Delhi,Lucknow,548
08hrs 30mins,1197,Delhi,Lucknow,548
08hrs 00mins,1599,Delhi,Lucknow,548
09hrs 45mins,1059,Delhi,Lucknow,548
07hrs 10mins,799,Delhi,Lucknow,548
08hrs 30mins,1499,Delhi,Lucknow,548
07hrs 55mins,1330,Delhi,Lucknow,548
07hrs 55mins,3499,Delhi,Lucknow,548
07hrs 50mins,1499,Delhi,Lucknow,548
07hrs 25mins,825,Delhi,Lucknow,548
07hrs 30mins,799,Delhi,Lucknow,548
08hrs 00mins,799,Delhi,Lucknow,548
08hrs 00mins,1800,Delhi,Lucknow,548
07hrs 50mins,599,Delhi,Lucknow,548
08hrs 20mins,1100,Delhi,Lucknow,548
07hrs 30mins,1199,Delhi,Lucknow,548
08hrs 30mins,1377,Delhi,Lucknow,548
08hrs 30mins,1199,Delhi,Lucknow,548
07hrs 00mins,1599,Delhi,Lucknow,548
07hrs 50mins,1999,Delhi,Lucknow,548
08hrs 40mins,1099,Delhi,Lucknow,548
08hrs 40mins,1499,Delhi,Lucknow,548
10hrs 05mins,1479,Delhi,Lucknow,548
08hrs 00mins,699,Delhi,Lucknow,548
08hrs 20mins,1296,Delhi,Lucknow,548
08hrs 15mins,664,Delhi,Lucknow,548
08hrs 15mins,1169,Delhi,Lucknow,548
07hrs 40mins,1449,Delhi,Lucknow,548
08hrs 00mins,1499,Delhi,Lucknow,548
08hrs 00mins,2499,Delhi,Lucknow,548
08hrs 15mins,1599,Delhi,Lucknow,548
06hrs 55mins,2999,Delhi,Lucknow,548
08hrs 40mins,408,Delhi,Lucknow,548
08hrs 10mins,981,Delhi,Lucknow,548
09hrs 00mins,1099,Delhi,Lucknow,548
08hrs 25mins,2857,Delhi,Lucknow,548
07hrs 45mins,599,Delhi,Lucknow,548
08hrs 00mins,799,Delhi,Lucknow,548
07hrs 52mins,1429,Delhi,Lucknow,548
08hrs 30mins,1799,Delhi,Lucknow,548
08hrs 05mins,1100,Delhi,Lucknow,548
08hrs 00mins,999,Delhi,Lucknow,548
07hrs 50mins,1999,Delhi,Lucknow,548
09hrs 15mins,1049,Delhi,Lucknow,548
10hrs 41mins,1440,Delhi,Lucknow,548
07hrs 45mins,1440,Delhi,Lucknow,548
10hrs 41mins,1889,Delhi,Lucknow,548
07hrs 40mins,1299,Delhi,Lucknow,548
07hrs 30mins,2999,Delhi,Lucknow,548
08hrs 25mins,1044,Delhi,Lucknow,548
09hrs 30mins,899,Delhi,Lucknow,548
07hrs 40mins,699,Delhi,Lucknow,548
07hrs 43mins,1590,Delhi,Lucknow,548
09hrs 15mins,664,Delhi,Lucknow,548
08hrs 00mins,1300,Delhi,Lucknow,548
08hrs 20mins,1299,Delhi,Lucknow,548
07hrs 15mins,1399,Delhi,Lucknow,548
07hrs 30mins,999,Delhi,Lucknow,548
10hrs 41mins,4050,Delhi,Lucknow,548
07hrs 30mins,699,Delhi,Lucknow,548
08hrs 30mins,1599,Delhi,Lucknow,548
08hrs 05mins,1499,Delhi,Lucknow,548
08hrs 15mins,1299,Delhi,Lucknow,548
08hrs 00mins,699,Delhi,Lucknow,548
07hrs 45mins,1099,Delhi,Lucknow,548
07hrs 45mins,1199,Delhi,Lucknow,548
07hrs 30mins,1299,Delhi,Lucknow,548
07hrs 10mins,569,Delhi,Lucknow,548
09hrs 00mins,994,Delhi,Lucknow,548
09hrs 45mins,1299,Delhi,Lucknow,548
08hrs 00mins,1199,Delhi,Lucknow,548
08hrs 00mins,1199,Delhi,Lucknow,548
08hrs 59mins,1299,Delhi,Lucknow,548
10hrs 00mins,899,Delhi,Lucknow,548
07hrs 30mins,1499,Delhi,Lucknow,548
08hrs 05mins,1099,Delhi,Lucknow,548
08hrs 59mins,1499,Delhi,Lucknow,548
08hrs 55mins,999,Delhi,Lucknow,548
08hrs 01mins,3419,Delhi,Lucknow,548
08hrs 45mins,1199,Delhi,Lucknow,548
08hrs 15mins,999,Delhi,Lucknow,548
08hrs 00mins,4500,Delhi,Lucknow,548
09hrs 00mins,994,Delhi,Lucknow,548
08hrs 00mins,2000,Delhi,Lucknow,548
08hrs 01mins,4749,Delhi,Lucknow,548
07hrs 20mins,1599,Delhi,Lucknow,548
08hrs 00mins,2000,Delhi,Lucknow,548
07hrs 25mins,1099,Delhi,Lucknow,548
06hrs 35mins,1499,Delhi,Lucknow,548
09hrs 30mins,3000,Delhi,Lucknow,548
08hrs 00mins,999,Delhi,Lucknow,548
09hrs 15mins,2199,Delhi,Lucknow,548
06hrs 55mins,1299,Delhi,Lucknow,548
08hrs 00mins,1099,Delhi,Lucknow,548
09hrs 30mins,1599,Delhi,Lucknow,548
07hrs 30mins,1100,Delhi,Lucknow,548
08hrs 30mins,1400,Delhi,Lucknow,548
08hrs 00mins,1299,Delhi,Lucknow,548
07hrs 59mins,1999,Delhi,Lucknow,548
08hrs 30mins,1500,Delhi,Lucknow,548
07hrs 30mins,2190,Delhi,Lucknow,548
09hrs 30mins,999,Delhi,Lucknow,548
08hrs 02mins,1785,Delhi,Lucknow,548
06hrs 15mins,2200,Delhi,Lucknow,548
07hrs 30mins,1299,Delhi,Lucknow,548
08hrs 30mins,1799,Delhi,Lucknow,548
07hrs 40mins,840,Delhi,Lucknow,548
08hrs 30mins,1799,Delhi,Lucknow,548
08hrs 00mins,2099,Delhi,Lucknow,548
07hrs 20mins,1099,Delhi,Lucknow,548
08hrs 02mins,1499,Delhi,Lucknow,548
09hrs 46mins,2190,Delhi,Lucknow,548
06hrs 25mins,999,Delhi,Lucknow,548
08hrs 01mins,1399,Delhi,Lucknow,548
09hrs 00mins,994,Delhi,Lucknow,548
07hrs 45mins,1280,Delhi,Lucknow,548
07hrs 00mins,2659,Delhi,Lucknow,548
09hrs 55mins,2999,Delhi,Lucknow,548
09hrs 45mins,1990,Delhi,Lucknow,548
08hrs 00mins,2700,Delhi,Lucknow,548
07hrs 30mins,1299,Delhi,Lucknow,548
08hrs 45mins,1099,Delhi,Lucknow,548
09hrs 00mins,1665,Delhi,Lucknow,548
09hrs 00mins,2700,Delhi,Lucknow,548
09hrs 00mins,1799,Delhi,Lucknow,548
08hrs 59mins,1799,Delhi,Lucknow,548
09hrs 20mins,1799,Delhi,Lucknow,548
09hrs 20mins,1799,Delhi,Lucknow,548
07hrs 20mins,1499,Delhi,Lucknow,548
10hrs 45mins,2339,Delhi,Lucknow,548
09hrs 00mins,571,Delhi,Lucknow,548
07hrs 00mins,1199,Delhi,Lucknow,548
09hrs 00mins,1599,Delhi,Lucknow,548
07hrs 55mins,1499,Delhi,Lucknow,548
10hrs 45mins,1350,Delhi,Lucknow,548
07hrs 00mins,1619,Delhi,Lucknow,548
07hrs 00mins,1439,Delhi,Lucknow,548
07hrs 01mins,799,Delhi,Lucknow,548
10hrs 46mins,2564,Delhi,Lucknow,548
06hrs 59mins,2699,Delhi,Lucknow,548
08hrs 00mins,2469,Delhi,Lucknow,548
09hrs 00mins,994,Delhi,Lucknow,548
08hrs 00mins,2429,Delhi,Lucknow,548
06hrs 00mins,1096,Delhi,Lucknow,548
09hrs 45mins,2249,Delhi,Lucknow,548
07hrs 30mins,1100,Delhi,Lucknow,548
08hrs 00mins,2699,Delhi,Lucknow,548
08hrs 30mins,2199,Delhi,Lucknow,548
08hrs 30mins,1400,Delhi,Lucknow,548
08hrs 00mins,2899,Delhi,Lucknow,548
30hrs 10mins,2600,Delhi,Mumbai,1452
40hrs 00mins,6000,Delhi,Mumbai,1452
10hrs 10mins,1399,Hyderabad,Bengaluru,576
09hrs 45mins,1199,Hyderabad,Bengaluru,576
09hrs 00mins,1429,Hyderabad,Bengaluru,576
11hrs 10mins,990,Hyderabad,Bengaluru,576
10hrs 00mins,1369,Hyderabad,Bengaluru,576
09hrs 20mins,1369,Hyderabad,Bengaluru,576
08hrs 40mins,1529,Hyderabad,Bengaluru,576
08hrs 25mins,2499,Hyderabad,Bengaluru,576
10hrs 00mins,1199,Hyderabad,Bengaluru,576
12hrs 54mins,970,Hyderabad,Bengaluru,576
09hrs 40mins,1599,Hyderabad,Bengaluru,576
11hrs 20mins,989,Hyderabad,Bengaluru,576
08hrs 05mins,1829,Hyderabad,Bengaluru,576
09hrs 30mins,1299,Hyderabad,Bengaluru,576
09hrs 00mins,1199,Hyderabad,Bengaluru,576
10hrs 10mins,1299,Hyderabad,Bengaluru,576
12hrs 50mins,639,Hyderabad,Bengaluru,576
11hrs 00mins,1899,Hyderabad,Bengaluru,576
10hrs 05mins,1304,Hyderabad,Bengaluru,576
09hrs 50mins,900,Hyderabad,Bengaluru,576
11hrs 05mins,1159,Hyderabad,Bengaluru,576
08hrs 50mins,899,Hyderabad,Bengaluru,576
07hrs 55mins,1919,Hyderabad,Bengaluru,576
10hrs 00mins,1199,Hyderabad,Bengaluru,576
11hrs 25mins,950,Hyderabad,Bengaluru,576
10hrs 20mins,899,Hyderabad,Bengaluru,576
10hrs 45mins,1000,Hyderabad,Bengaluru,576
08hrs 35mins,1719,Hyderabad,Bengaluru,576
09hrs 30mins,2000,Hyderabad,Bengaluru,576
11hrs 45mins,1020,Hyderabad,Bengaluru,576
08hrs 30mins,900,Hyderabad,Bengaluru,576
09hrs 45mins,1099,Hyderabad,Bengaluru,576
11hrs 30mins,1016,Hyderabad,Bengaluru,576
10hrs 35mins,900,Hyderabad,Bengaluru,576
09hrs 00mins,1199,Hyderabad,Bengaluru,576
09hrs 43mins,1080,Hyderabad,Bengaluru,576
09hrs 30mins,1199,Hyderabad,Bengaluru,576
11hrs 00mins,1280,Hyderabad,Bengaluru,576
12hrs 10mins,900,Hyderabad,Bengaluru,576
10hrs 40mins,1092,Hyderabad,Bengaluru,576
08hrs 35mins,1050,Hyderabad,Bengaluru,576
09hrs 10mins,969,Hyderabad,Bengaluru,576
12hrs 45mins,699,Hyderabad,Bengaluru,576
08hrs 45mins,1000,Hyderabad,Bengaluru,576
08hrs 40mins,612,Hyderabad,Bengaluru,576
09hrs 45mins,1249,Hyderabad,Bengaluru,576
09hrs 20mins,1480,Hyderabad,Bengaluru,576
13hrs 50mins,850,Hyderabad,Bengaluru,576
09hrs 30mins,1049,Hyderabad,Bengaluru,576
09hrs 15mins,1200,Hyderabad,Bengaluru,576
10hrs 00mins,1709,Hyderabad,Bengaluru,576
09hrs 00mins,860,Hyderabad,Bengaluru,576
08hrs 50mins,1076,Hyderabad,Bengaluru,576
09hrs 25mins,1190,Hyderabad,Bengaluru,576
09hrs 25mins,1140,Hyderabad,Bengaluru,576
10hrs 45mins,1099,Hyderabad,Bengaluru,576
10hrs 20mins,1009,Hyderabad,Bengaluru,576
11hrs 00mins,719,Hyderabad,Bengaluru,576
09hrs 50mins,1000,Hyderabad,Bengaluru,576
13hrs 05mins,1459,Hyderabad,Bengaluru,576
13hrs 20mins,1099,Hyderabad,Bengaluru,576
10hrs 45mins,1029,Hyderabad,Bengaluru,576
09hrs 30mins,1110,Hyderabad,Bengaluru,576
11hrs 25mins,1200,Hyderabad,Bengaluru,576
09hrs 30mins,750,Hyderabad,Bengaluru,576
09hrs 45mins,899,Hyderabad,Bengaluru,576
12hrs 15mins,779,Hyderabad,Bengaluru,576
09hrs 10mins,765,Hyderabad,Bengaluru,576
08hrs 50mins,1000,Hyderabad,Bengaluru,576
09hrs 45mins,990,Hyderabad,Bengaluru,576
11hrs 00mins,900,Hyderabad,Bengaluru,576
09hrs 30mins,750,Hyderabad,Bengaluru,576
10hrs 29mins,800,Hyderabad,Bengaluru,576
09hrs 30mins,849,Hyderabad,Bengaluru,576
10hrs 15mins,1349,Hyderabad,Bengaluru,576
11hrs 30mins,1290,Hyderabad,Bengaluru,576
10hrs 15mins,1100,Hyderabad,Bengaluru,576
10hrs 00mins,1760,Hyderabad,Bengaluru,576
10hrs 00mins,1199,Hyderabad,Bengaluru,576
08hrs 50mins,1040,Hyderabad,Bengaluru,576
10hrs 50mins,1760,Hyderabad,Bengaluru,576
08hrs 30mins,1400,Hyderabad,Bengaluru,576
11hrs 55mins,1210,Hyderabad,Bengaluru,576
11hrs 35mins,699,Hyderabad,Bengaluru,576
11hrs 40mins,710,Hyderabad,Bengaluru,576
09hrs 15mins,1899,Hyderabad,Bengaluru,576
11hrs 15mins,799,Hyderabad,Bengaluru,576
10hrs 20mins,1300,Hyderabad,Bengaluru,576
09hrs 25mins,700,Hyderabad,Bengaluru,576
10hrs 00mins,1400,Hyderabad,Bengaluru,576
10hrs 40mins,1500,Hyderabad,Bengaluru,576
12hrs 45mins,3600,Hyderabad,Bengaluru,576
09hrs 15mins,700,Hyderabad,Bengaluru,576
09hrs 15mins,1869,Hyderabad,Bengaluru,576
11hrs 20mins,819,Hyderabad,Bengaluru,576
11hrs 40mins,1499,Hyderabad,Bengaluru,576
12hrs 59mins,617,Hyderabad,Bengaluru,576
07hrs 45mins,1000,Hyderabad,Bengaluru,576
10hrs 30mins,1550,Hyderabad,Bengaluru,576
09hrs 20mins,1000,Hyderabad,Bengaluru,576
09hrs 10mins,1004,Hyderabad,Bengaluru,576
10hrs 15mins,1400,Hyderabad,Bengaluru,576
09hrs 20mins,1100,Hyderabad,Bengaluru,576
10hrs 40mins,3500,Hyderabad,Bengaluru,576
09hrs 50mins,900,Hyderabad,Bengaluru,576
10hrs 35mins,1400,Hyderabad,Bengaluru,576
10hrs 29mins,1500,Hyderabad,Bengaluru,576
10hrs 25mins,999,Hyderabad,Bengaluru,576
10hrs 15mins,1550,Hyderabad,Bengaluru,576
10hrs 40mins,1200,Hyderabad,Bengaluru,576
10hrs 00mins,1490,Hyderabad,Bengaluru,576
11hrs 15mins,1150,Hyderabad,Bengaluru,576
11hrs 26mins,799,Hyderabad,Bengaluru,576
09hrs 55mins,1900,Hyderabad,Bengaluru,576
09hrs 05mins,1250,Hyderabad,Bengaluru,576
10hrs 00mins,500,Hyderabad,Bengaluru,576
09hrs 30mins,999,Hyderabad,Bengaluru,576
11hrs 50mins,900,Hyderabad,Bengaluru,576
10hrs 03mins,1800,Hyderabad,Bengaluru,576
08hrs 00mins,1900,Hyderabad,Bengaluru,576
10hrs 00mins,1200,Hyderabad,Bengaluru,576
07hrs 25mins,1200,Hyderabad,Bengaluru,576
12hrs 10mins,799,Hyderabad,Bengaluru,576
08hrs 45mins,1200,Hyderabad,Bengaluru,576
10hrs 10mins,1300,Hyderabad,Bengaluru,576
09hrs 00mins,950,Hyderabad,Bengaluru,576
09hrs 55mins,3500,Hyderabad,Bengaluru,576
09hrs 50mins,1270,Hyderabad,Bengaluru,576
13hrs 15mins,699,Hyderabad,Bengaluru,576
11hrs 00mins,764,Hyderabad,Bengaluru,576
06hrs 40mins,3999,Hyderabad,Bengaluru,576
09hrs 10mins,1400,Hyderabad,Bengaluru,576
11hrs 10mins,1000,Hyderabad,Bengaluru,576
09hrs 00mins,1550,Hyderabad,Bengaluru,576
10hrs 00mins,650,Hyderabad,Bengaluru,576
08hrs 50mins,1550,Hyderabad,Bengaluru,576
10hrs 40mins,1000,Hyderabad,Bengaluru,576
09hrs 10mins,1400,Hyderabad,Bengaluru,576
10hrs 00mins,699,Hyderabad,Bengaluru,576
11hrs 50mins,599,Hyderabad,Bengaluru,576
09hrs 00mins,1490,Hyderabad,Bengaluru,576
09hrs 15mins,1100,Hyderabad,Bengaluru,576
08hrs 50mins,1490,Hyderabad,Bengaluru,576
11hrs 32mins,1550,Hyderabad,Bengaluru,576
08hrs 45mins,599,Hyderabad,Bengaluru,576
06hrs 40mins,5000,Hyderabad,Bengaluru,576
10hrs 45mins,1699,Hyderabad,Bengaluru,576
09hrs 00mins,1490,Hyderabad,Bengaluru,576
09hrs 50mins,3999,Hyderabad,Bengaluru,576
11hrs 15mins,3600,Hyderabad,Bengaluru,576
09hrs 45mins,1999,Hyderabad,Bengaluru,576
07hrs 15mins,1190,Hyderabad,Bengaluru,576
09hrs 40mins,899,Hyderabad,Bengaluru,576
10hrs 45mins,649,Hyderabad,Bengaluru,576
09hrs 30mins,999,Hyderabad,Bengaluru,576
11hrs 00mins,6000,Hyderabad,Bengaluru,576
11hrs 00mins,6000,Hyderabad,Bengaluru,576
07hrs 15mins,899,Hyderabad,Bengaluru,576
10hrs 31mins,1249,Hyderabad,Bengaluru,576
05hrs 00mins,799,Jaipur,Delhi,308
06hrs 00mins,266,Jaipur,Delhi,308
07hrs 00mins,315,Jaipur,Delhi,308
05hrs 30mins,360,Jaipur,Delhi,308
05hrs 35mins,379,Jaipur,Delhi,308
06hrs 15mins,379,Jaipur,Delhi,308
06hrs 25mins,284,Jaipur,Delhi,308
06hrs 15mins,288,Jaipur,Delhi,308
04hrs 55mins,520,Jaipur,Delhi,308
05hrs 05mins,400,Jaipur,Delhi,308
05hrs 45mins,350,Jaipur,Delhi,308
05hrs 40mins,351,Jaipur,Delhi,308
05hrs 45mins,351,Jaipur,Delhi,308
05hrs 46mins,284,Jaipur,Delhi,308
06hrs 25mins,284,Jaipur,Delhi,308
05hrs 55mins,284,Jaipur,Delhi,308
06hrs 00mins,325,Jaipur,Delhi,308
05hrs 55mins,1099,Jaipur,Delhi,308
05hrs 45mins,379,Jaipur,Delhi,308
05hrs 40mins,950,Jaipur,Delhi,308
05hrs 35mins,400,Jaipur,Delhi,308
06hrs 50mins,620,Jaipur,Delhi,308
05hrs 45mins,450,Jaipur,Delhi,308
06hrs 10mins,400,Jaipur,Delhi,308
05hrs 20mins,379,Jaipur,Delhi,308
05hrs 40mins,900,Jaipur,Delhi,308
05hrs 45mins,284,Jaipur,Delhi,308
05hrs 10mins,351,Jaipur,Delhi,308
05hrs 05mins,284,Jaipur,Delhi,308
05hrs 10mins,400,Jaipur,Delhi,308
05hrs 55mins,284,Jaipur,Delhi,308
05hrs 00mins,762,Jaipur,Delhi,308
05hrs 55mins,379,Jaipur,Delhi,308
07hrs 00mins,999,Jaipur,Delhi,308
05hrs 55mins,284,Jaipur,Delhi,308
05hrs 55mins,284,Jaipur,Delhi,308
05hrs 45mins,284,Jaipur,Delhi,308
05hrs 25mins,400,Jaipur,Delhi,308
05hrs 55mins,344,Jaipur,Delhi,308
06hrs 40mins,399,Jaipur,Delhi,308
04hrs 50mins,649,Jaipur,Delhi,308
05hrs 10mins,349,Jaipur,Delhi,308
06hrs 00mins,427,Jaipur,Delhi,308
05hrs 40mins,325,Jaipur,Delhi,308
05hrs 44mins,799,Jaipur,Delhi,308
05hrs 50mins,250,Jaipur,Delhi,308
05hrs 55mins,284,Jaipur,Delhi,308
05hrs 45mins,284,Jaipur,Delhi,308
05hrs 40mins,400,Jaipur,Delhi,308
06hrs 25mins,1400,Jaipur,Delhi,308
05hrs 10mins,351,Jaipur,Delhi,308
05hrs 30mins,360,Jaipur,Delhi,308
06hrs 00mins,450,Jaipur,Delhi,308
05hrs 55mins,284,Jaipur,Delhi,308
06hrs 45mins,619,Jaipur,Delhi,308
06hrs 05mins,1499,Jaipur,Delhi,308
06hrs 30mins,799,Jaipur,Delhi,308
06hrs 00mins,401,Jaipur,Delhi,308
04hrs 55mins,1400,Jaipur,Delhi,308
06hrs 00mins,250,Jaipur,Delhi,308
06hrs 15mins,499,Jaipur,Delhi,308
05hrs 35mins,450,Jaipur,Delhi,308
03hrs 54mins,1350,Jaipur,Delhi,308
06hrs 15mins,1199,Jaipur,Delhi,308
05hrs 10mins,760,Jaipur,Delhi,308
05hrs 35mins,499,Jaipur,Delhi,308
05hrs 55mins,499,Jaipur,Delhi,308
06hrs 17mins,850,Jaipur,Delhi,308
04hrs 35mins,1600,Jaipur,Delhi,308
27hrs 00mins,2499,Jaipur,Delhi,308
05hrs 45mins,401,Jaipur,Delhi,308
04hrs 50mins,390,Jaipur,Delhi,308
05hrs 25mins,1500,Jaipur,Delhi,308
05hrs 25mins,380,Jaipur,Delhi,308
05hrs 40mins,399,Jaipur,Delhi,308
05hrs 10mins,350,Jaipur,Delhi,308
05hrs 18mins,500,Jaipur,Delhi,308
05hrs 30mins,375,Jaipur,Delhi,308
05hrs 50mins,600,Jaipur,Delhi,308
06hrs 00mins,699,Jaipur,Delhi,308
05hrs 40mins,2900,Jaipur,Delhi,308
06hrs 10mins,700,Jaipur,Delhi,308
05hrs 35mins,399,Jaipur,Delhi,308
04hrs 45mins,800,Jaipur,Delhi,308
06hrs 13mins,500,Jaipur,Delhi,308
06hrs 00mins,1000,Jaipur,Delhi,308
05hrs 35mins,1399,Jaipur,Delhi,308
05hrs 55mins,1980,Jaipur,Delhi,308
05hrs 25mins,600,Jaipur,Delhi,308
05hrs 45mins,619,Jaipur,Delhi,308
06hrs 30mins,900,Jaipur,Delhi,308
05hrs 31mins,499,Jaipur,Delhi,308
05hrs 20mins,290,Jaipur,Delhi,308
06hrs 55mins,762,Jaipur,Delhi,308
06hrs 35mins,1400,Jaipur,Delhi,308
06hrs 30mins,270,Jaipur,Delhi,308
05hrs 00mins,290,Jaipur,Delhi,308
04hrs 10mins,571,Jaipur,Delhi,308
06hrs 00mins,299,Jaipur,Delhi,308
06hrs 05mins,899,Jaipur,Delhi,308
05hrs 35mins,399,Jaipur,Delhi,308
06hrs 35mins,1099,Jaipur,Delhi,308
04hrs 40mins,1224,Jaipur,Delhi,308
09hrs 00mins,5700,Jaipur,Delhi,308
06hrs 55mins,5500,Jaipur,Delhi,308
06hrs 25mins,1055,Jaipur,Delhi,308
06hrs 20mins,1280,Jaipur,Delhi,308
05hrs 20mins,290,Jaipur,Delhi,308
06hrs 05mins,1880,Jaipur,Delhi,308
05hrs 43mins,999,Jaipur,Delhi,308
06hrs 55mins,8000,Jaipur,Delhi,308
08hrs 00mins,1199,Jaipur,Delhi,308
05hrs 15mins,290,Jaipur,Delhi,308
06hrs 00mins,700,Jaipur,Delhi,308
05hrs 30mins,290,Jaipur,Delhi,308
05hrs 20mins,400,Jaipur,Delhi,308
04hrs 50mins,500,Jaipur,Delhi,308
05hrs 25mins,1500,Jaipur,Delhi,308
05hrs 00mins,1600,Jaipur,Delhi,308
08hrs 30mins,571,Jaipur,Delhi,308
05hrs 30mins,700,Jaipur,Delhi,308
06hrs 25mins,290,Jaipur,Delhi,308
06hrs 10mins,700,Jaipur,Delhi,308
05hrs 25mins,750,Jaipur,Delhi,308
05hrs 10mins,699,Jaipur,Delhi,308
05hrs 00mins,1000,Jaipur,Delhi,308
04hrs 40mins,819,Jaipur,Delhi,308
04hrs 45mins,1400,Jaipur,Delhi,308
05hrs 30mins,999,Jaipur,Delhi,308
04hrs 45mins,950,Jaipur,Delhi,308
07hrs 01mins,800,Jaipur,Delhi,308
05hrs 15mins,1899,Jaipur,Delhi,308
03hrs 55mins,1000,Jaipur,Delhi,308
05hrs 40mins,800,Jaipur,Delhi,308
06hrs 37mins,2499,Jaipur,Delhi,308
08hrs 30mins,2500,Jaipur,Delhi,308
05hrs 00mins,800,Jaipur,Delhi,308
11hrs 15mins,1100,Kochi,Bengaluru,547
09hrs 50mins,1500,Kochi,Bengaluru,547
09hrs 45mins,1500,Kochi,Bengaluru,547
09hrs 45mins,1100,Kochi,Bengaluru,547
09hrs 10mins,1500,Kochi,Bengaluru,547
09hrs 35mins,1500,Kochi,Bengaluru,547
09hrs 28mins,1500,Kochi,Bengaluru,547
09hrs 50mins,1400,Kochi,Bengaluru,547
08hrs 43mins,1500,Kochi,Bengaluru,547
09hrs 30mins,1499,Kochi,Bengaluru,547
09hrs 30mins,1400,Kochi,Bengaluru,547
09hrs 05mins,1100,Kochi,Bengaluru,547
12hrs 15mins,1120,Kochi,Bengaluru,547
09hrs 15mins,1720,Kochi,Bengaluru,547
09hrs 45mins,1110,Kochi,Bengaluru,547
10hrs 00mins,999,Kochi,Bengaluru,547
10hrs 40mins,1300,Kochi,Bengaluru,547
10hrs 50mins,1400,Kochi,Bengaluru,547
11hrs 10mins,1100,Kochi,Bengaluru,547
09hrs 15mins,1500,Kochi,Bengaluru,547
09hrs 45mins,3000,Kochi,Bengaluru,547
08hrs 50mins,1350,Kochi,Bengaluru,547
10hrs 10mins,1100,Kochi,Bengaluru,547
09hrs 25mins,1200,Kochi,Bengaluru,547
09hrs 20mins,1199,Kochi,Bengaluru,547
08hrs 45mins,1399,Kochi,Bengaluru,547
08hrs 30mins,1390,Kochi,Bengaluru,547
10hrs 00mins,1399,Kochi,Bengaluru,547
08hrs 45mins,1090,Kochi,Bengaluru,547
09hrs 00mins,1500,Kochi,Bengaluru,547
10hrs 40mins,2300,Kochi,Bengaluru,547
10hrs 29mins,1000,Kochi,Bengaluru,547
10hrs 45mins,1400,Kochi,Bengaluru,547
09hrs 50mins,1090,Kochi,Bengaluru,547
11hrs 00mins,849,Kochi,Bengaluru,547
09hrs 00mins,1499,Kochi,Bengaluru,547
08hrs 45mins,1600,Kochi,Bengaluru,547
10hrs 20mins,2000,Kochi,Bengaluru,547
09hrs 45mins,1399,Kochi,Bengaluru,547
09hrs 30mins,1299,Kochi,Bengaluru,547
11hrs 15mins,1000,Kochi,Bengaluru,547
11hrs 00mins,1200,Kochi,Bengaluru,547
11hrs 15mins,849,Kochi,Bengaluru,547
11hrs 00mins,1800,Kochi,Bengaluru,547
12hrs 10mins,849,Kochi,Bengaluru,547
11hrs 00mins,1499,Kochi,Bengaluru,547
10hrs 55mins,1100,Kochi,Bengaluru,547
08hrs 45mins,1199,Kochi,Bengaluru,547
09hrs 45mins,1349,Kochi,Bengaluru,547
09hrs 30mins,1049,Kochi,Bengaluru,547
08hrs 45mins,1199,Kochi,Bengaluru,547
09hrs 45mins,800,Kochi,Bengaluru,547
08hrs 30mins,1250,Kochi,Bengaluru,547
10hrs 45mins,1000,Kochi,Bengaluru,547
11hrs 15mins,1100,Kochi,Bengaluru,547
09hrs 50mins,1500,Kochi,Bengaluru,547
09hrs 45mins,1500,Kochi,Bengaluru,547
09hrs 45mins,1100,Kochi,Bengaluru,547
09hrs 10mins,1500,Kochi,Bengaluru,547
09hrs 35mins,1500,Kochi,Bengaluru,547
09hrs 28mins,1500,Kochi,Bengaluru,547
09hrs 50mins,1400,Kochi,Bengaluru,547
08hrs 43mins,1500,Kochi,Bengaluru,547
09hrs 30mins,1499,Kochi,Bengaluru,547
09hrs 30mins,1400,Kochi,Bengaluru,547
09hrs 05mins,1100,Kochi,Bengaluru,547
12hrs 15mins,1120,Kochi,Bengaluru,547
09hrs 15mins,1720,Kochi,Bengaluru,547
09hrs 45mins,1110,Kochi,Bengaluru,547
10hrs 00mins,999,Kochi,Bengaluru,547
10hrs 40mins,1300,Kochi,Bengaluru,547
10hrs 50mins,1400,Kochi,Bengaluru,547
11hrs 10mins,1100,Kochi,Bengaluru,547
09hrs 15mins,1500,Kochi,Bengaluru,547
09hrs 45mins,3000,Kochi,Bengaluru,547
08hrs 50mins,1350,Kochi,Bengaluru,547
10hrs 10mins,1100,Kochi,Bengaluru,547
09hrs 25mins,1200,Kochi,Bengaluru,547
09hrs 20mins,1199,Kochi,Bengaluru,547
08hrs 45mins,1399,Kochi,Bengaluru,547
08hrs 30mins,1390,Kochi,Bengaluru,547
10hrs 00mins,1399,Kochi,Bengaluru,547
08hrs 45mins,1090,Kochi,Bengaluru,547
09hrs 00mins,1500,Kochi,Bengaluru,547
10hrs 40mins,2300,Kochi,Bengaluru,547
10hrs 29mins,1000,Kochi,Bengaluru,547
10hrs 45mins,1400,Kochi,Bengaluru,547
09hrs 50mins,1090,Kochi,Bengaluru,547
11hrs 00mins,849,Kochi,Bengaluru,547
09hrs 00mins,1499,Kochi,Bengaluru,547
08hrs 45mins,1600,Kochi,Bengaluru,547
10hrs 20mins,2000,Kochi,Bengaluru,547
09hrs 45mins,1399,Kochi,Bengaluru,547
09hrs 30mins,1299,Kochi,Bengaluru,547
11hrs 15mins,1000,Kochi,Bengaluru,547
11hrs 00mins,1200,Kochi,Bengaluru,547
11hrs 15mins,849,Kochi,Bengaluru,547
11hrs 00mins,1800,Kochi,Bengaluru,547
12hrs 10mins,849,Kochi,Bengaluru,547
11hrs 00mins,1499,Kochi,Bengaluru,547
10hrs 55mins,1100,Kochi,Bengaluru,547
08hrs 45mins,1199,Kochi,Bengaluru,547
09hrs 45mins,1349,Kochi,Bengaluru,547
09hrs 30mins,1049,Kochi,Bengaluru,547
08hrs 45mins,1199,Kochi,Bengaluru,547
09hrs 45mins,800,Kochi,Bengaluru,547
08hrs 30mins,1250,Kochi,Bengaluru,547
10hrs 45mins,1000,Kochi,Bengaluru,547
07hrs 30mins,999,Lucknow,Delhi,553
08hrs 15mins,949,Lucknow,Delhi,553
07hrs 30mins,1044,Lucknow,Delhi,553
08hrs 30mins,1070,Lucknow,Delhi,553
08hrs 00mins,1329,Lucknow,Delhi,553
08hrs 40mins,969,Lucknow,Delhi,553
08hrs 15mins,1369,Lucknow,Delhi,553
06hrs 14mins,1490,Lucknow,Delhi,553
08hrs 00mins,1369,Lucknow,Delhi,553
08hrs 45mins,1299,Lucknow,Delhi,553
08hrs 00mins,1479,Lucknow,Delhi,553
07hrs 25mins,1235,Lucknow,Delhi,553
07hrs 00mins,1259,Lucknow,Delhi,553
07hrs 55mins,1149,Lucknow,Delhi,553
08hrs 00mins,1369,Lucknow,Delhi,553
08hrs 15mins,1699,Lucknow,Delhi,553
08hrs 00mins,1235,Lucknow,Delhi,553
09hrs 20mins,1399,Lucknow,Delhi,553
08hrs 30mins,1044,Lucknow,Delhi,553
08hrs 05mins,1639,Lucknow,Delhi,553
08hrs 00mins,1249,Lucknow,Delhi,553
08hrs 45mins,1197,Lucknow,Delhi,553
07hrs 50mins,1299,Lucknow,Delhi,553
08hrs 15mins,1199,Lucknow,Delhi,553
07hrs 40mins,1599,Lucknow,Delhi,553
07hrs 50mins,1044,Lucknow,Delhi,553
08hrs 15mins,1619,Lucknow,Delhi,553
07hrs 25mins,1800,Lucknow,Delhi,553
08hrs 00mins,1369,Lucknow,Delhi,553
08hrs 00mins,1800,Lucknow,Delhi,553
08hrs 45mins,1369,Lucknow,Delhi,553
08hrs 20mins,1099,Lucknow,Delhi,553
08hrs 30mins,855,Lucknow,Delhi,553
06hrs 55mins,1399,Lucknow,Delhi,553
07hrs 45mins,1409,Lucknow,Delhi,553
08hrs 15mins,1199,Lucknow,Delhi,553
08hrs 00mins,970,Lucknow,Delhi,553
30hrs 40mins,1999,Lucknow,Delhi,553
07hrs 50mins,1235,Lucknow,Delhi,553
07hrs 55mins,1329,Lucknow,Delhi,553
07hrs 40mins,1329,Lucknow,Delhi,553
09hrs 05mins,1425,Lucknow,Delhi,553
08hrs 45mins,1349,Lucknow,Delhi,553
07hrs 10mins,1999,Lucknow,Delhi,553
07hrs 10mins,1999,Lucknow,Delhi,553
07hrs 05mins,1399,Lucknow,Delhi,553
07hrs 55mins,1139,Lucknow,Delhi,553
08hrs 25mins,1129,Lucknow,Delhi,553
08hrs 25mins,1600,Lucknow,Delhi,553
08hrs 00mins,1299,Lucknow,Delhi,553
07hrs 15mins,1799,Lucknow,Delhi,553
09hrs 00mins,1299,Lucknow,Delhi,553
08hrs 20mins,1399,Lucknow,Delhi,553
07hrs 50mins,1299,Lucknow,Delhi,553
08hrs 25mins,1489,Lucknow,Delhi,553
06hrs 40mins,1799,Lucknow,Delhi,553
08hrs 00mins,1619,Lucknow,Delhi,553
08hrs 25mins,1099,Lucknow,Delhi,553
07hrs 30mins,2499,Lucknow,Delhi,553
07hrs 50mins,1239,Lucknow,Delhi,553
08hrs 50mins,1140,Lucknow,Delhi,553
08hrs 10mins,1469,Lucknow,Delhi,553
08hrs 00mins,1299,Lucknow,Delhi,553
08hrs 00mins,1999,Lucknow,Delhi,553
08hrs 00mins,1299,Lucknow,Delhi,553
08hrs 15mins,1070,Lucknow,Delhi,553
07hrs 00mins,1352,Lucknow,Delhi,553
07hrs 30mins,1800,Lucknow,Delhi,553
07hrs 25mins,1799,Lucknow,Delhi,553
08hrs 50mins,1140,Lucknow,Delhi,553
07hrs 15mins,2299,Lucknow,Delhi,553
07hrs 30mins,999,Lucknow,Delhi,553
07hrs 15mins,1500,Lucknow,Delhi,553
09hrs 35mins,1600,Lucknow,Delhi,553
07hrs 00mins,1099,Lucknow,Delhi,553
06hrs 12mins,1030,Lucknow,Delhi,553
08hrs 45mins,1499,Lucknow,Delhi,553
07hrs 25mins,2000,Lucknow,Delhi,553
07hrs 55mins,1439,Lucknow,Delhi,553
08hrs 40mins,1346,Lucknow,Delhi,553
07hrs 45mins,1299,Lucknow,Delhi,553
07hrs 10mins,999,Lucknow,Delhi,553
07hrs 35mins,1350,Lucknow,Delhi,553
08hrs 01mins,1199,Lucknow,Delhi,553
08hrs 15mins,999,Lucknow,Delhi,553
07hrs 35mins,799,Lucknow,Delhi,553
07hrs 44mins,1999,Lucknow,Delhi,553
08hrs 00mins,964,Lucknow,Delhi,553
06hrs 40mins,1599,Lucknow,Delhi,553
08hrs 15mins,2179,Lucknow,Delhi,553
07hrs 05mins,1999,Lucknow,Delhi,553
07hrs 30mins,1045,Lucknow,Delhi,553
07hrs 30mins,2500,Lucknow,Delhi,553
07hrs 45mins,999,Lucknow,Delhi,553
10hrs 51mins,1440,Lucknow,Delhi,553
10hrs 51mins,1440,Lucknow,Delhi,553
07hrs 55mins,1999,Lucknow,Delhi,553
07hrs 55mins,1299,Lucknow,Delhi,553
08hrs 06mins,899,Lucknow,Delhi,553
08hrs 25mins,1299,Lucknow,Delhi,553
07hrs 40mins,1099,Lucknow,Delhi,553
07hrs 35mins,799,Lucknow,Delhi,553
08hrs 00mins,1599,Lucknow,Delhi,553
07hrs 00mins,999,Lucknow,Delhi,553
08hrs 20mins,1099,Lucknow,Delhi,553
07hrs 55mins,799,Lucknow,Delhi,553
08hrs 00mins,1059,Lucknow,Delhi,553
07hrs 00mins,999,Lucknow,Delhi,553
08hrs 00mins,1260,Lucknow,Delhi,553
06hrs 40mins,1599,Lucknow,Delhi,553
06hrs 55mins,1399,Lucknow,Delhi,553
07hrs 45mins,1325,Lucknow,Delhi,553
06hrs 25mins,799,Lucknow,Delhi,553
07hrs 30mins,799,Lucknow,Delhi,553
08hrs 45mins,1199,Lucknow,Delhi,553
07hrs 30mins,1999,Lucknow,Delhi,553
10hrs 51mins,3780,Lucknow,Delhi,553
07hrs 55mins,1294,Lucknow,Delhi,553
07hrs 30mins,1299,Lucknow,Delhi,553
07hrs 00mins,1399,Lucknow,Delhi,553
08hrs 35mins,1699,Lucknow,Delhi,553
07hrs 45mins,1350,Lucknow,Delhi,553
07hrs 20mins,999,Lucknow,Delhi,553
06hrs 30mins,1575,Lucknow,Delhi,553
09hrs 13mins,1499,Lucknow,Delhi,553
07hrs 55mins,1299,Lucknow,Delhi,553
07hrs 35mins,1099,Lucknow,Delhi,553
07hrs 03mins,1429,Lucknow,Delhi,553
07hrs 15mins,799,Lucknow,Delhi,553
06hrs 55mins,2659,Lucknow,Delhi,553
07hrs 30mins,1090,Lucknow,Delhi,553
07hrs 30mins,1290,Lucknow,Delhi,553
07hrs 15mins,799,Lucknow,Delhi,553
09hrs 10mins,2857,Lucknow,Delhi,553
07hrs 30mins,1099,Lucknow,Delhi,553
07hrs 35mins,999,Lucknow,Delhi,553
07hrs 00mins,999,Lucknow,Delhi,553
06hrs 55mins,1699,Lucknow,Delhi,553
07hrs 15mins,1399,Lucknow,Delhi,553
08hrs 00mins,1199,Lucknow,Delhi,553
07hrs 05mins,3099,Lucknow,Delhi,553
07hrs 00mins,2190,Lucknow,Delhi,553
06hrs 30mins,1369,Lucknow,Delhi,553
08hrs 45mins,699,Lucknow,Delhi,553
08hrs 15mins,999,Lucknow,Delhi,553
07hrs 31mins,969,Lucknow,Delhi,553
08hrs 30mins,797,Lucknow,Delhi,553
07hrs 00mins,1125,Lucknow,Delhi,553
07hrs 30mins,1400,Lucknow,Delhi,553
08hrs 30mins,1399,Lucknow,Delhi,553
07hrs 30mins,1395,Lucknow,Delhi,553
08hrs 31mins,1649,Lucknow,Delhi,553
08hrs 31mins,1799,Lucknow,Delhi,553
08hrs 31mins,1849,Lucknow,Delhi,553
07hrs 30mins,1125,Lucknow,Delhi,553
08hrs 05mins,999,Lucknow,Delhi,553
08hrs 30mins,749,Lucknow,Delhi,553
09hrs 30mins,1399,Lucknow,Delhi,553
08hrs 00mins,3000,Lucknow,Delhi,553
07hrs 58mins,1199,Lucknow,Delhi,553
08hrs 10mins,999,Lucknow,Delhi,553
09hrs 05mins,1199,Lucknow,Delhi,553
08hrs 20mins,999,Lucknow,Delhi,553
06hrs 25mins,2000,Lucknow,Delhi,553
06hrs 25mins,799,Lucknow,Delhi,553
07hrs 35mins,799,Lucknow,Delhi,553
40hrs 40mins,3100,Mumbai,Delhi,1453
39hrs 25mins,5500,Mumbai,Delhi,1453
31hrs 30mins,3500,Mumbai,Delhi,1453
41hrs 30mins,2500,Mumbai,Delhi,1453
35hrs 00mins,5000,Mumbai,Delhi,1453
31hrs 00mins,3800,Mumbai,Delhi,1453
36hrs 00mins,6500,Mumbai,Delhi,1453
29hrs 30mins,3200,Mumbai,Delhi,1453
20hrs 25mins,2400,Mumbai,Bengaluru,984
20hrs 00mins,2400,Mumbai,Bengaluru,984
20hrs 30mins,2099,Mumbai,Bengaluru,984
20hrs 15mins,2500,Mumbai,Bengaluru,984
19hrs 50mins,2900,Mumbai,Bengaluru,984
21hrs 00mins,2000,Mumbai,Bengaluru,984
19hrs 00mins,2200,Mumbai,Bengaluru,984
22hrs 30mins,1700,Mumbai,Bengaluru,984
20hrs 30mins,2200,Mumbai,Bengaluru,984
20hrs 00mins,1899,Mumbai,Bengaluru,984
19hrs 00mins,2100,Mumbai,Bengaluru,984
21hrs 00mins,2010,Mumbai,Bengaluru,984
20hrs 50mins,1800,Mumbai,Bengaluru,984
20hrs 00mins,1715,Mumbai,Bengaluru,984
20hrs 00mins,1300,Mumbai,Bengaluru,984
19hrs 40mins,1715,Mumbai,Bengaluru,984
20hrs 45mins,2099,Mumbai,Bengaluru,984
17hrs 30mins,2200,Mumbai,Bengaluru,984
21hrs 20mins,1800,Mumbai,Bengaluru,984
22hrs 25mins,2800,Mumbai,Bengaluru,984
17hrs 30mins,2280,Mumbai,Bengaluru,984
19hrs 35mins,2200,Mumbai,Bengaluru,984
19hrs 25mins,2000,Mumbai,Bengaluru,984
21hrs 30mins,2000,Mumbai,Bengaluru,984
18hrs 30mins,2000,Mumbai,Bengaluru,984
21hrs 35mins,1650,Mumbai,Bengaluru,984
20hrs 15mins,2800,Mumbai,Bengaluru,984
20hrs 15mins,1650,Mumbai,Bengaluru,984
17hrs 45mins,2300,Mumbai,Bengaluru,984
23hrs 45mins,2299,Mumbai,Bengaluru,984
19hrs 25mins,2500,Mumbai,Bengaluru,984
22hrs 35mins,1800,Mumbai,Bengaluru,984
22hrs 25mins,2000,Mumbai,Bengaluru,984
18hrs 30mins,3000,Mumbai,Bengaluru,984
19hrs 30mins,4000,Mumbai,Bengaluru,984
13hrs 30mins,2400,Pune,Bengaluru,842
13hrs 55mins,2400,Pune,Bengaluru,842
14hrs 00mins,2600,Pune,Bengaluru,842
14hrs 00mins,2900,Pune,Bengaluru,842
16hrs 30mins,1700,Pune,Bengaluru,842
14hrs 45mins,2000,Pune,Bengaluru,842
14hrs 00mins,2500,Pune,Bengaluru,842
17hrs 50mins,1715,Pune,Bengaluru,842
14hrs 00mins,2400,Pune,Bengaluru,842
15hrs 15mins,2200,Pune,Bengaluru,842
15hrs 15mins,2800,Pune,Bengaluru,842
14hrs 30mins,1899,Pune,Bengaluru,842
15hrs 10mins,2200,Pune,Bengaluru,842
15hrs 15mins,2699,Pune,Bengaluru,842
14hrs 20mins,2300,Pune,Bengaluru,842
15hrs 15mins,2010,Pune,Bengaluru,842
15hrs 00mins,1800,Pune,Bengaluru,842
15hrs 00mins,2000,Pune,Bengaluru,842
14hrs 30mins,2200,Pune,Bengaluru,842
15hrs 00mins,1600,Pune,Bengaluru,842
15hrs 44mins,1699,Pune,Bengaluru,842
14hrs 30mins,2200,Pune,Bengaluru,842
15hrs 35mins,2200,Pune,Bengaluru,842
14hrs 20mins,2000,Pune,Bengaluru,842
14hrs 00mins,2280,Pune,Bengaluru,842
16hrs 00mins,2000,Pune,Bengaluru,842
14hrs 15mins,2381,Pune,Bengaluru,842
14hrs 00mins,2300,Pune,Bengaluru,842
14hrs 50mins,3010,Pune,Bengaluru,842
16hrs 10mins,1650,Pune,Bengaluru,842
18hrs 12mins,2000,Pune,Bengaluru,842
20hrs 00mins,2299,Pune,Bengaluru,842
15hrs 40mins,2500,Pune,Bengaluru,842
14hrs 30mins,1715,Pune,Bengaluru,842
15hrs 00mins,1650,Pune,Bengaluru,842
13hrs 15mins,4000,Pune,Bengaluru,842
15hrs 30mins,1500,Pune,Bengaluru,842
17hrs 27mins,1800,Pune,Bengaluru,842
15hrs 25mins,1053,Udaipur,Delhi,688
13hrs 13mins,900,Udaipur,Delhi,688
12hrs 15mins,1500,Udaipur,Delhi,688
13hrs 45mins,1429,Udaipur,Delhi,688
12hrs 30mins,1362,Udaipur,Delhi,688
13hrs 20mins,1999,Udaipur,Delhi,688
11hrs 42mins,3333,Udaipur,Delhi,688
14hrs 10mins,900,Udaipur,Delhi,688
13hrs 25mins,1000,Udaipur,Delhi,688
12hrs 40mins,1350,Udaipur,Delhi,688
12hrs 55mins,2100,Udaipur,Delhi,688
13hrs 45mins,1599,Udaipur,Delhi,688
12hrs 30mins,2899,Udaipur,Delhi,688
13hrs 43mins,800,Udaipur,Delhi,688
13hrs 21mins,2421,Udaipur,Delhi,688
15hrs 23mins,1875,Udaipur,Delhi,688
13hrs 00mins,1899,Udaipur,Delhi,688
12hrs 40mins,2010,Udaipur,Delhi,688
12hrs 40mins,3700,Udaipur,Delhi,688
13hrs 00mins,1804,Udaipur,Delhi,688
13hrs 21mins,3100,Udaipur,Delhi,688
16hrs 50mins,1139,Udaipur,Delhi,688
17hrs 40mins,5500,Udaipur,Delhi,688
